File Path,Is Test File,Container Type,Protected by raw_ptr (0/1),Line Number,Full Type
android_webview/browser/aw_pac_processor.h,FALSE,std::set,1,62,"std::set<raw_ptr<Job, SetExperimental>>"
android_webview/browser/gfx/browser_view_renderer.h,FALSE,std::map,1,245,"std::map<viz::FrameSinkId, raw_ptr<content::SynchronousCompositor, CtnExperimental>>"
android_webview/browser/lifecycle/aw_contents_lifecycle_notifier.h,FALSE,std::map,0,96,"std::map<const AwContents*, AwContentsLifecycleNotifier::AwContentsData>"
android_webview/browser/metrics/visibility_metrics_logger.h,FALSE,std::map,0,128,"std::map<Client*, VisibilityInfo>"
apps/saved_files_service.cc,FALSE,std::map,1,182,"std::map<int, raw_ptr<SavedFileEntry, CtnExperimental>>"
ash/accelerators/ash_accelerator_configuration.h,FALSE,std::map,1,199,"std::map<AcceleratorActionId, raw_ptr<const DeprecatedAcceleratorData, CtnExperimental>>"
ash/accelerators/ash_accelerator_configuration.h,FALSE,std::map,1,217,"std::map<AcceleratorActionId, raw_ptr<const DeprecatedAcceleratorData, CtnExperimental>>"
ash/accelerometer/accelerometer_provider_mojo_unittest.cc,TRUE,std::map,1,142,"std::map<int32_t, raw_ptr<chromeos::sensors::FakeSensorDevice, CtnExperimental>>"
ash/accessibility/accessibility_event_handler_manager.h,FALSE,std::vector,1,52,"std::vector<raw_ptr<ui::EventHandler, VectorExperimental>>"
ash/accessibility/accessibility_prefs_merge_conflict_dialog.h,FALSE,std::unordered_map,0,77,"std::unordered_map<std::string_view, HoverHighlightView*>"
ash/ambient/model/ambient_animation_photo_provider.h,FALSE,base::flat_map,0,120,"base::flat_map<const DynamicImageAssetImpl*, PhotoWithDetails>"
ash/ambient/ui/ambient_animation_frame_rate_controller.h,FALSE,base::flat_map,1,90,"base::flat_map<aura::Window*, raw_ptr<lottie::Animation, CtnExperimental>>"
ash/ambient/ui/ambient_animation_progress_tracker.h,FALSE,base::flat_set,1,91,"base::flat_set<raw_ptr<const lottie::Animation, CtnExperimental>>"
ash/ambient/ui/ambient_animation_progress_tracker.h,FALSE,base::flat_set,1,94,"base::flat_set<raw_ptr<const lottie::Animation, CtnExperimental>>"
ash/ambient/ui/photo_view.h,FALSE,std::array,0,83,"std::array<AmbientBackgroundImageView*, 2>"
ash/app_list/apps_grid_row_change_animator.h,FALSE,std::map,0,74,"std::map<views::View*, std::unique_ptr<ui::Layer>>"
ash/app_list/model/folder_image.h,FALSE,std::vector,1,118,"std::vector<raw_ptr<AppListItem, VectorExperimental>>"
ash/app_list/views/app_list_folder_view.cc,FALSE,std::vector,1,512,"std::vector<raw_ptr<TopIconAnimationView, VectorExperimental>>"
ash/app_list/views/app_list_search_view.h,FALSE,std::vector,1,142,"std::vector<raw_ptr<SearchResultContainerView, VectorExperimental>>"
ash/app_list/views/apps_grid_view.h,FALSE,std::optional,0,1047,std::optional<AppListItemView*>
ash/app_list/views/button_focus_skipper.h,FALSE,std::vector,1,42,"std::vector<raw_ptr<views::View, VectorExperimental>>"
ash/app_list/views/contents_view.h,FALSE,std::vector,1,214,"std::vector<raw_ptr<AppListPage, VectorExperimental>>"
ash/app_list/views/continue_task_container_view.h,FALSE,std::vector,1,168,"std::vector<raw_ptr<ContinueTaskView, VectorExperimental>>"
ash/app_list/views/continue_task_container_view.h,FALSE,std::vector,1,195,"std::vector<raw_ptr<ContinueTaskView, VectorExperimental>>"
ash/app_list/views/recent_apps_view.h,FALSE,std::vector,1,105,"std::vector<raw_ptr<AppListItemView, VectorExperimental>>"
ash/app_list/views/result_selection_controller_unittest.cc,TRUE,std::vector,1,637,"std::vector<raw_ptr<SearchResultContainerView, VectorExperimental>>"
ash/app_list/views/search_result_image_list_view.h,FALSE,std::vector,1,80,"std::vector<raw_ptr<SearchResultImageView, VectorExperimental>>"
ash/app_list/views/search_result_image_list_view.h,FALSE,std::vector,1,85,"std::vector<raw_ptr<views::Label, VectorExperimental>>"
ash/app_list/views/search_result_list_view.h,FALSE,std::vector,1,151,"std::vector<raw_ptr<SearchResultView, VectorExperimental>>"
ash/app_menu/notification_overflow_view.h,FALSE,std::vector,1,64,"std::vector<raw_ptr<NotificationOverflowImageView, VectorExperimental>>"
ash/auth/views/pin_keyboard_view.h,FALSE,base::flat_map,1,76,"base::flat_map<int, raw_ptr<IconButton>>"
ash/calendar/calendar_controller.h,FALSE,std::map,1,55,"std::map<const AccountId, raw_ptr<CalendarClient, CtnExperimental>>"
ash/capture_mode/capture_mode_controller.h,FALSE,base::flat_map,0,873,"base::flat_map<aura::Window*, /*protection_mask*/ uint32_t>"
ash/capture_mode/capture_mode_menu_group.h,FALSE,std::vector,1,162,"std::vector<raw_ptr<CaptureModeOption, VectorExperimental>>"
ash/capture_mode/capture_mode_menu_group.h,FALSE,std::vector,1,171,"std::vector<raw_ptr<CaptureModeMenuItem, VectorExperimental>>"
ash/capture_mode/capture_mode_session_focus_cycler.h,FALSE,std::map,0,367,"std::map<aura::Window*, std::unique_ptr<HighlightableWindow>>"
ash/capture_mode/capture_mode_session_focus_cycler.h,FALSE,std::map,1,376,"std::map<FineTunePosition, raw_ptr<views::AXVirtualView>>"
ash/capture_mode/fake_camera_device.h,FALSE,base::flat_map,0,118,"base::flat_map<Subscription*, std::unique_ptr<Subscription>>"
ash/capture_mode/video_recording_watcher.h,FALSE,base::flat_map,0,303,"base::flat_map<aura::Window*, std::unique_ptr<WindowDimmer>>"
ash/curtain/stack_layout.h,FALSE,std::map,0,65,"std::map<views::View*, RespectDimension>"
ash/curtain/stack_layout.h,FALSE,std::map,0,66,"std::map<views::View*, VerticalAlignment>"
ash/display/display_animator.h,FALSE,std::map,0,60,"std::map<aura::Window*, std::unique_ptr<ui::LayerSolidColor>>"
ash/display/screen_orientation_controller.h,FALSE,std::unordered_map,0,291,"std::unordered_map<aura::Window*, LockInfo>"
ash/drag_drop/tab_drag_drop_windows_hider.h,FALSE,std::map,0,48,"std::map<aura::Window*, bool>"
ash/focus/focus_cycler.h,FALSE,std::vector,1,58,"std::vector<raw_ptr<views::Widget, VectorExperimental>>"
ash/focus/focus_cycler_unittest.cc,TRUE,std::vector,1,52,"std::vector<raw_ptr<views::View, VectorExperimental>>"
ash/game_dashboard/game_dashboard_controller.h,FALSE,std::map,0,169,"std::map<aura::Window*, std::unique_ptr<GameDashboardContext>>"
ash/host/ash_window_tree_host_unified.h,FALSE,std::vector,1,50,"std::vector<raw_ptr<AshWindowTreeHost, VectorExperimental>>"
ash/hud_display/tab_strip.h,FALSE,std::vector,1,79,"std::vector<raw_ptr<HUDTabButton, VectorExperimental>>"
ash/login/ui/access_code_input.h,FALSE,std::vector,1,303,"std::vector<raw_ptr<AccessibleInputField, VectorExperimental>>"
ash/login/ui/login_auth_factors_view_unittest.cc,TRUE,std::vector,1,215,"std::vector<raw_ptr<FakeAuthFactorModel, VectorExperimental>>"
ash/login/ui/login_pin_view.h,FALSE,std::vector,1,130,"std::vector<raw_ptr<NonAccessibleView, VectorExperimental>>"
ash/login/ui/login_pin_view.h,FALSE,std::vector,1,131,"std::vector<raw_ptr<DigitPinButton, VectorExperimental>>"
ash/login/ui/scrollable_users_list_view.h,FALSE,std::vector,1,110,"std::vector<raw_ptr<LoginUserView, VectorExperimental>>"
ash/quick_insert/views/quick_insert_search_results_view.h,FALSE,std::vector,1,144,std::vector<raw_ptr<QuickInsertSectionView>>
ash/quick_insert/views/quick_insert_section_view.h,FALSE,std::vector,1,183,std::vector<raw_ptr<QuickInsertTraversableItemContainer>>
ash/quick_insert/views/quick_insert_section_view.h,FALSE,std::vector,1,189,std::vector<raw_ptr<QuickInsertItemView>>
ash/quick_insert/views/quick_insert_zero_state_view.h,FALSE,std::map,1,102,"std::map<QuickInsertCategoryType, raw_ptr<QuickInsertSectionView>>"
ash/quick_pair/fast_pair_handshake/fast_pair_gatt_service_client_impl.h,FALSE,std::map,0,238,"std::map<device::BluetoothRemoteGattCharacteristic*, std::unique_ptr<base::OneShotTimer>>"
ash/quick_pair/fast_pair_handshake/fast_pair_gatt_service_client_lookup_impl.h,FALSE,base::flat_map,0,43,"base::flat_map<device::BluetoothDevice*, std::unique_ptr<FastPairGattServiceClient>>"
ash/quick_pair/keyed_service/battery_update_message_handler.h,FALSE,base::flat_map,1,68,"base::flat_map<std::string, raw_ptr<MessageStream, CtnExperimental>>"
ash/quick_pair/message_stream/fake_message_stream_lookup.h,FALSE,base::flat_map,1,45,"base::flat_map<std::string, raw_ptr<MessageStream, CtnExperimental>>"
ash/quick_pair/pairing/retroactive_pairing_detector_impl.h,FALSE,base::flat_map,1,175,"base::flat_map<std::string, raw_ptr<MessageStream, CtnExperimental>>"
ash/root_window_controller.cc,FALSE,std::vector,0,519,std::vector<RootWindowController*>
ash/root_window_controller.h,FALSE,std::vector,0,363,std::vector<RootWindowController*>
ash/sensor_info/sensor_provider_unittest.cc,TRUE,std::map,1,144,"std::map<int32_t, raw_ptr<chromeos::sensors::FakeSensorDevice, CtnExperimental>>"
ash/session/test_pref_service_provider.h,TRUE,base::flat_map,1,52,"base::flat_map<AccountId, raw_ptr<PrefService>>"
ash/shelf/drag_window_from_shelf_controller.cc,FALSE,std::vector,1,208,"std::vector<raw_ptr<aura::Window, VectorExperimental>>"
ash/shelf/login_shelf_view.h,FALSE,std::vector,1,274,"std::vector<raw_ptr<LoginShelfButton, VectorExperimental>>"
ash/shelf/login_shelf_view.h,FALSE,std::set,1,289,"std::set<raw_ptr<TrayBackgroundView, SetExperimental>>"
ash/shelf/shelf_window_watcher.h,FALSE,std::set,1,114,"std::set<raw_ptr<aura::Window, SetExperimental>>"
ash/style/option_button_group.h,FALSE,std::vector,1,58,"std::vector<raw_ptr<OptionButtonBase, VectorExperimental>>"
ash/style/pagination_view.cc,FALSE,std::vector,1,303,std::vector<raw_ptr<IndicatorButton>>
ash/style/style_viewer/system_ui_components_grid_view.cc,FALSE,std::vector,1,235,"std::vector<raw_ptr<views::View, VectorExperimental>>"
ash/style/style_viewer/system_ui_components_style_viewer_view.h,FALSE,std::vector,1,88,"std::vector<raw_ptr<ComponentButton, VectorExperimental>>"
ash/style/system_dialog_delegate_view.h,FALSE,base::flat_map,1,198,"base::flat_map<ContentType, raw_ptr<views::View>>"
ash/style/tab_slider.h,FALSE,std::vector,1,101,"std::vector<raw_ptr<TabSliderButton, VectorExperimental>>"
ash/system/audio/unified_audio_detailed_view_controller_unittest.cc,TRUE,std::map,1,341,"std::map<uint64_t, raw_ptr<views::View, CtnExperimental>>"
ash/system/audio/unified_audio_detailed_view_controller_unittest.cc,TRUE,std::map,1,342,"std::map<uint64_t, raw_ptr<views::View, CtnExperimental>>"
ash/system/audio/unified_audio_detailed_view_controller_unittest.cc,TRUE,std::map,1,343,"std::map<uint64_t, raw_ptr<views::View, CtnExperimental>>"
ash/system/audio/unified_audio_detailed_view_controller_unittest.cc,TRUE,std::map,1,344,"std::map<uint64_t, raw_ptr<views::View, CtnExperimental>>"
ash/system/audio/unified_volume_view.h,FALSE,std::array,0,56,"std::array<const gfx::VectorIcon*, 3>"
ash/system/bluetooth/bluetooth_device_list_controller_impl.h,FALSE,base::flat_map,1,70,"base::flat_map<std::string, raw_ptr<BluetoothDeviceListItemView, CtnExperimental>>"
ash/system/brightness/unified_brightness_view.h,FALSE,std::array,0,47,"std::array<const gfx::VectorIcon*, 3>"
ash/system/cast/cast_detailed_view.h,FALSE,std::map,0,92,"std::map<views::View*, std::string>"
ash/system/focus_mode/focus_mode_detailed_view.cc,FALSE,std::vector,0,242,std::vector<views::View*>
ash/system/focus_mode/sounds/sound_section_view.h,FALSE,std::vector,0,64,std::vector<PlaylistView*>
ash/system/focus_mode/sounds/soundscape/playlist_tracker.h,FALSE,std::vector,0,40,std::vector<const SoundscapeTrack*>
ash/system/holding_space/holding_space_item_views_section.h,FALSE,std::map,1,152,"std::map<std::string, raw_ptr<HoldingSpaceItemView, CtnExperimental>>"
ash/system/holding_space/holding_space_tray_bubble.h,FALSE,std::vector,1,83,"std::vector<raw_ptr<HoldingSpaceTrayChildBubble, VectorExperimental>>"
ash/system/holding_space/holding_space_tray_child_bubble.h,FALSE,std::vector,1,108,"std::vector<raw_ptr<HoldingSpaceItemViewsSection, VectorExperimental>>"
ash/system/ime_menu/ime_list_view.h,FALSE,std::map,0,96,"std::map<views::View*, std::string>"
ash/system/ime_menu/ime_list_view.h,FALSE,std::map,0,97,"std::map<views::View*, std::string>"
ash/system/media/quick_settings_media_view.h,FALSE,std::map,1,81,"std::map<const std::string, raw_ptr<global_media_controls::MediaItemUIView, CtnExperimental>>"
ash/system/network/vpn_detailed_view.h,FALSE,std::map,0,101,"std::map<const views::View* const, VpnProviderPtr>"
ash/system/network/vpn_detailed_view.h,FALSE,std::map,0,104,"std::map<const views::View* const, std::string>"
ash/system/notification_center/ash_message_popup_collection.h,FALSE,std::set,1,227,"std::set<raw_ptr<views::Widget, SetExperimental>>"
ash/system/notification_center/views/notification_list_view_unittest.cc,TRUE,std::vector,1,124,"std::vector<raw_ptr<message_center::Notification, VectorExperimental>>"
ash/system/notification_center/views/notifier_settings_view.h,FALSE,std::set,1,156,"std::set<raw_ptr<NotifierButton, SetExperimental>>"
ash/system/palette/palette_tool_manager.h,FALSE,std::map,1,113,"std::map<PaletteGroup, raw_ptr<PaletteTool, CtnExperimental>>"
ash/system/phonehub/phone_hub_more_apps_button.h,FALSE,std::vector,1,55,"std::vector<raw_ptr<AppLoadingIcon, VectorExperimental>>"
ash/system/phonehub/phone_hub_recent_apps_view.h,FALSE,std::vector,1,135,"std::vector<raw_ptr<AppLoadingIcon, VectorExperimental>>"
ash/system/phonehub/phone_hub_recent_apps_view.h,FALSE,std::vector,1,167,"std::vector<raw_ptr<views::View, VectorExperimental>>"
ash/system/power/power_event_observer.cc,FALSE,std::map,0,219,"std::map<ui::Compositor*, CompositorInfo>"
ash/system/scheduled_feature/scheduled_feature.h,FALSE,base::flat_map,0,252,"base::flat_map<PrefService*, ScheduleSnapshot>"
ash/system/status_area_widget.h,FALSE,std::vector,1,350,"std::vector<raw_ptr<TrayBackgroundView, VectorExperimental>>"
ash/system/time/calendar_month_view.h,FALSE,std::vector,1,210,"std::vector<raw_ptr<CalendarDateCellView, VectorExperimental>>"
ash/system/toast/anchored_nudge_manager_impl.h,FALSE,std::map,1,135,"std::map<std::string, raw_ptr<AnchoredNudge>>"
ash/system/toast/system_nudge_view.cc,FALSE,std::vector,0,174,std::vector<views::View*>
ash/system/toast/toast_manager_impl.h,FALSE,base::flat_map,0,103,"base::flat_map<aura::Window*, std::unique_ptr<ToastOverlay>>"
ash/system/unified/feature_tiles_container_view.h,FALSE,std::vector,1,105,"std::vector<raw_ptr<PageContainer, VectorExperimental>>"
ash/system/unified/feature_tiles_container_view.h,FALSE,std::vector,1,109,"std::vector<raw_ptr<RowContainer, VectorExperimental>>"
ash/system/unified/notification_icons_controller.h,FALSE,std::vector,1,175,"std::vector<raw_ptr<NotificationIconTrayItemView, VectorExperimental>>"
ash/system/unified/unified_system_tray.h,FALSE,std::list,1,303,"std::list<raw_ptr<TrayItemView, CtnExperimental>>"
ash/system/unified/user_chooser_view.h,FALSE,std::vector,1,105,"std::vector<raw_ptr<UserItemButton, VectorExperimental>>"
ash/system/video_conference/effects/video_conference_tray_effects_manager.h,FALSE,std::vector,1,146,"std::vector<raw_ptr<VcEffectsDelegate, VectorExperimental>>"
ash/touch/touch_hud_debug.h,FALSE,std::array,0,72,"std::array<views::Label*, kMaxTouchPoints>"
ash/touch/touch_hud_renderer.h,FALSE,std::map,1,53,"std::map<int, raw_ptr<TouchPointView, CtnExperimental>>"
ash/user_education/views/help_bubble_view_ash.h,FALSE,std::vector,1,124,"std::vector<raw_ptr<views::Label, VectorExperimental>>"
ash/user_education/views/help_bubble_view_ash.h,FALSE,std::vector,1,127,"std::vector<raw_ptr<views::LabelButton, VectorExperimental>>"
ash/user_education/welcome_tour/welcome_tour_scrim.h,FALSE,std::map,1,54,"std::map<raw_ptr<aura::Window>, std::unique_ptr<Scrim>>"
ash/utility/occlusion_tracker_pauser.h,FALSE,base::flat_set,1,54,"base::flat_set<raw_ptr<ui::Compositor, CtnExperimental>>"
ash/virtual_trackpad/virtual_trackpad_view.h,FALSE,base::flat_map,1,65,"base::flat_map<int, raw_ptr<views::LabelButton, CtnExperimental>>"
ash/webui/camera_app_ui/document_scanner_service_client.h,FALSE,std::unordered_map,0,101,"std::unordered_map<DetectCornersCallback*, std::unique_ptr<DetectCornersCallback>>"
ash/webui/camera_app_ui/document_scanner_service_client.h,FALSE,std::unordered_map,0,105,"std::unordered_map<DoPostProcessingCallback*, std::unique_ptr<DoPostProcessingCallback>>"
ash/webui/eche_app_ui/apps_access_manager.h,FALSE,base::flat_map,1,109,"base::flat_map<int, raw_ptr<AppsAccessSetupOperation, CtnExperimental>>"
ash/webui/personalization_app/search/search_tag_registry.h,FALSE,std::map,1,81,"std::map<std::string, raw_ptr<const SearchConcept, CtnExperimental>>"
ash/window_user_data.h,FALSE,std::map,0,79,"std::map<aura::Window*, std::unique_ptr<UserData>>"
ash/wm/desks/desk.h,FALSE,std::vector,1,82,"std::vector<raw_ptr<Desk, VectorExperimental>>"
ash/wm/desks/desk.h,FALSE,std::vector,1,340,"std::vector<raw_ptr<aura::Window, VectorExperimental>>"
ash/wm/desks/desk.h,FALSE,base::flat_map,0,347,"base::flat_map<aura::Window*, std::unique_ptr<DeskContainerObserver>>"
ash/wm/desks/desk.h,FALSE,base::flat_map,0,387,"base::flat_map<aura::Window*, std::vector<AllDeskWindowStackingData>>"
ash/wm/desks/desk_bar_view_base.cc,FALSE,std::vector,0,577,std::vector<DeskMiniView*>
ash/wm/desks/desk_bar_view_base.cc,FALSE,base::flat_map,0,578,"base::flat_map<views::View*, int>"
ash/wm/desks/desk_bar_view_base.cc,FALSE,base::flat_map,0,700,"base::flat_map<views::View*, int>"
ash/wm/desks/desk_bar_view_base.h,FALSE,std::vector,1,428,"std::vector<raw_ptr<DeskMiniView, VectorExperimental>>"
ash/wm/desks/desks_controller.h,FALSE,base::flat_set,1,558,"base::flat_set<raw_ptr<aura::Window, CtnExperimental>>"
ash/wm/desks/desks_unittest.cc,TRUE,std::vector,1,371,"std::vector<raw_ptr<const Desk, VectorExperimental>>"
ash/wm/desks/desks_window_occlusion_calculator.h,FALSE,base::flat_map,0,65,"base::flat_map<aura::Window*, base::flat_map<aura::Window*, aura::Window::OcclusionState>>"
ash/wm/desks/root_window_desk_switch_animator.h,FALSE,std::vector,1,398,"std::vector<raw_ptr<ui::Layer, VectorExperimental>>"
ash/wm/desks/templates/restore_data_collector.h,FALSE,std::vector,1,69,"std::vector<raw_ptr<aura::Window, VectorExperimental>>"
ash/wm/desks/templates/saved_desk_grid_view.h,FALSE,std::vector,1,104,"std::vector<raw_ptr<SavedDeskItemView, VectorExperimental>>"
ash/wm/desks/templates/saved_desk_library_view.h,FALSE,base::flat_map,1,118,"base::flat_map<DeskTemplateType, raw_ptr<SavedDeskGridView, VectorExperimental>>"
ash/wm/desks/templates/saved_desk_library_view.h,FALSE,std::vector,1,130,"std::vector<raw_ptr<SavedDeskGridView, VectorExperimental>>"
ash/wm/desks/templates/saved_desk_library_view.h,FALSE,std::vector,1,134,"std::vector<raw_ptr<views::Label, VectorExperimental>>"
ash/wm/float/float_controller.h,FALSE,base::flat_map,0,193,"base::flat_map<aura::Window*, std::unique_ptr<FloatedWindowInfo>>"
ash/wm/float/float_controller.h,FALSE,base::flat_map,0,199,"base::flat_map<aura::Window*, std::unique_ptr<WorkspaceEventHandler>>"
ash/wm/layer_tree_synchronizer.h,FALSE,base::flat_map,0,80,"base::flat_map< const ui::Layer*, std::pair<gfx::RoundedCornersF, /*is_fast_rounded_corner=*/bool>>"
ash/wm/mru_window_tracker.h,FALSE,std::vector,1,131,"std::vector<raw_ptr<aura::Window, VectorExperimental>>"
ash/wm/overview/birch/birch_bar_controller.h,FALSE,std::vector,1,159,std::vector<raw_ptr<BirchBarView>>
ash/wm/overview/birch/birch_bar_view.h,FALSE,std::vector,1,210,std::vector<raw_ptr<BirchChipButtonBase>>
ash/wm/overview/birch/tab_app_selection_view.h,FALSE,std::vector,1,102,std::vector<raw_ptr<TabAppSelectionItemView>>
ash/wm/overview/overview_grid.h,FALSE,base::flat_map,0,772,"base::flat_map<OverviewItemBase*, gfx::Transform>"
ash/wm/overview/overview_window_drag_controller.h,FALSE,base::flat_map,0,252,"base::flat_map<OverviewGrid*, GridDesksBarData>"
ash/wm/overview/scoped_overview_hide_windows.h,FALSE,std::map,0,47,"std::map<aura::Window*, bool>"
ash/wm/overview/scoped_overview_transform_window.h,FALSE,base::flat_map,0,221,"base::flat_map<aura::Window*, std::unique_ptr<TransientInfo>>"
ash/wm/resize_shadow_controller.h,FALSE,base::flat_map,0,81,"base::flat_map<aura::Window*, std::unique_ptr<ResizeShadow>>"
ash/wm/root_window_layout_manager.h,FALSE,std::vector,1,41,"std::vector<raw_ptr<aura::Window, VectorExperimental>>"
ash/wm/snap_group/snap_group.h,FALSE,base::flat_map,0,188,"base::flat_map<aura::Window*, SnapPosition>"
ash/wm/splitview/split_view_controller.h,FALSE,base::flat_map,0,631,"base::flat_map<aura::Window*, gfx::Rect>"
ash/wm/splitview/split_view_metrics_controller.h,FALSE,std::vector,1,263,"std::vector<raw_ptr<aura::Window, VectorExperimental>>"
ash/wm/splitview/split_view_metrics_controller.h,FALSE,std::set,1,269,"std::set<raw_ptr<aura::Window, SetExperimental>>"
ash/wm/system_modal_container_layout_manager.h,FALSE,std::vector,1,129,"std::vector<raw_ptr<aura::Window, VectorExperimental>>"
ash/wm/system_modal_container_layout_manager.h,FALSE,std::set,1,133,"std::set<raw_ptr<const aura::Window, SetExperimental>>"
ash/wm/tablet_mode/tablet_mode_window_manager.h,FALSE,std::unordered_set,1,197,"std::unordered_set<raw_ptr<aura::Window, CtnExperimental>>"
ash/wm/tablet_mode/tablet_mode_window_manager.h,FALSE,std::unordered_set,1,202,"std::unordered_set<raw_ptr<aura::Window, CtnExperimental>>"
ash/wm/video_detector.h,FALSE,std::set,1,106,"std::set<raw_ptr<aura::Window, SetExperimental>>"
ash/wm/window_cycle/window_cycle_item_view.h,FALSE,std::vector,1,99,"std::vector<raw_ptr<WindowCycleItemView, VectorExperimental>>"
ash/wm/window_cycle/window_cycle_view.h,FALSE,std::vector,1,174,"std::vector<raw_ptr<WindowMiniViewBase, VectorExperimental>>"
ash/wm/window_cycle/window_cycle_view.h,FALSE,std::vector,1,207,"std::vector<raw_ptr<WindowMiniViewBase, VectorExperimental>>"
ash/wm/window_preview_view.h,FALSE,base::flat_map,1,71,"base::flat_map<aura::Window*, raw_ptr<WindowMirrorView, CtnExperimental>>"
ash/wm/window_preview_view.h,FALSE,base::flat_set,1,78,"base::flat_set<raw_ptr<aura::Window, CtnExperimental>>"
ash/wm/window_restore/window_restore_controller.h,FALSE,base::flat_set,1,162,"base::flat_set<raw_ptr<aura::Window, CtnExperimental>>"
ash/wm/window_restore/window_restore_controller.h,FALSE,std::map,0,168,"std::map<aura::Window*, base::CancelableOnceClosure>"
ash/wm/workspace/multi_window_resize_controller.h,FALSE,std::vector,1,134,"std::vector<raw_ptr<aura::Window, VectorExperimental>>"
ash/wm/workspace/workspace_event_handler_unittest.cc,TRUE,std::vector,1,107,"std::vector<raw_ptr<const void, VectorExperimental>>"
ash/wm/workspace/workspace_layout_manager.h,FALSE,std::set,1,183,"std::set<raw_ptr<aura::Window, SetExperimental>>"
ash/wm/workspace/workspace_window_resizer.h,FALSE,std::vector,1,187,"std::vector<raw_ptr<aura::Window, VectorExperimental>>"
base/allocator/dispatcher/initializer_unittest.cc,TRUE,std::map,0,52,"std::map<void*, std::function<void()>>"
base/allocator/dispatcher/internal/dispatcher_internal.h,FALSE,std::tuple,0,373,std::tuple<ObserverTypes*...>
base/allocator/dispatcher/internal/dispatcher_internal.h,FALSE,std::tuple,0,377,std::tuple<ObserverTypes*...>
base/allocator/dispatcher/tls.h,FALSE,std::atomic,0,285,std::atomic<ChunkT*>
base/allocator/dispatcher/tls.h,FALSE,std::atomic,0,463,std::atomic<Chunk*>
base/allocator/partition_allocator/src/partition_alloc/partition_alloc_hooks.cc,FALSE,std::atomic,0,25,std::atomic<PartitionAllocHooks::AllocationObserverHook*>
base/allocator/partition_allocator/src/partition_alloc/partition_alloc_hooks.cc,FALSE,std::atomic,0,27,std::atomic<PartitionAllocHooks::FreeObserverHook*>
base/allocator/partition_allocator/src/partition_alloc/partition_alloc_hooks.cc,FALSE,std::atomic,0,29,std::atomic<PartitionAllocHooks::AllocationOverrideHook*>
base/allocator/partition_allocator/src/partition_alloc/partition_alloc_hooks.cc,FALSE,std::atomic,0,31,std::atomic<PartitionAllocHooks::FreeOverrideHook*>
base/allocator/partition_allocator/src/partition_alloc/partition_alloc_hooks.cc,FALSE,std::atomic,0,33,std::atomic<PartitionAllocHooks::ReallocOverrideHook*>
base/allocator/partition_allocator/src/partition_alloc/partition_alloc_hooks.cc,FALSE,std::atomic,0,35,std::atomic<PartitionAllocHooks::QuarantineOverrideHook*>
base/allocator/partition_allocator/src/partition_alloc/partition_alloc_hooks.h,FALSE,std::atomic,0,93,std::atomic<AllocationObserverHook*>
base/allocator/partition_allocator/src/partition_alloc/partition_alloc_hooks.h,FALSE,std::atomic,0,94,std::atomic<FreeObserverHook*>
base/allocator/partition_allocator/src/partition_alloc/partition_alloc_hooks.h,FALSE,std::atomic,0,96,std::atomic<AllocationOverrideHook*>
base/allocator/partition_allocator/src/partition_alloc/partition_alloc_hooks.h,FALSE,std::atomic,0,97,std::atomic<FreeOverrideHook*>
base/allocator/partition_allocator/src/partition_alloc/partition_alloc_hooks.h,FALSE,std::atomic,0,98,std::atomic<ReallocOverrideHook*>
base/allocator/partition_allocator/src/partition_alloc/partition_alloc_hooks.h,FALSE,std::atomic,0,100,std::atomic<QuarantineOverrideHook*>
base/allocator/partition_allocator/src/partition_alloc/pointers/instance_tracer.cc,FALSE,std::array,0,36,"std::array<const void*, 32>"
base/allocator/partition_allocator/src/partition_alloc/pointers/raw_ptr_hookable_impl.cc,FALSE,std::atomic,0,42,std::atomic<const RawPtrHooks*>
base/allocator/partition_allocator/src/partition_alloc/scheduler_loop_quarantine_support.h,FALSE,std::variant,0,138,"std::variant<internal::GlobalSchedulerLoopQuarantineBranch*, internal::ThreadBoundSchedulerLoopQuarantineBranch*>"
base/allocator/partition_allocator/src/partition_alloc/shim/allocator_shim_default_dispatch_to_partition_alloc.cc,FALSE,std::atomic,0,104,std::atomic<T*>
base/allocator/partition_allocator/src/partition_alloc/shim/allocator_shim_default_dispatch_to_partition_alloc.cc,FALSE,std::atomic,0,771,std::atomic<const AllocatorDispatch*>
base/allocator/partition_allocator/src/partition_alloc/shim/allocator_shim_functions.h,FALSE,std::atomic,0,33,std::atomic<const allocator_shim::AllocatorDispatch*>
base/allocator/partition_allocator/src/partition_alloc/spinning_mutex.cc,FALSE,std::atomic,0,49,std::atomic<LockMetricsRecorderInterface*>
base/android/feature_map.h,FALSE,flat_map,1,34,"flat_map<std::string_view, raw_ptr<const Feature, CtnExperimental>>"
base/debug/stack_trace.h,FALSE,std::array,0,171,"std::array<const void*, kMaxTraces>"
base/files/file_descriptor_watcher_posix.h,FALSE,AutoReset,0,136,AutoReset<FileDescriptorWatcher*>
base/files/important_file_writer.h,FALSE,std::variant,1,227,"std::variant<std::monostate, raw_ptr<DataSerializer>, raw_ptr<BackgroundDataSerializer>>"
base/logging.cc,FALSE,std::atomic,0,138,std::atomic<VlogInfo*>
base/memory/raw_ptr_asan_event.h,FALSE,std::array,0,81,"std::array<const void*, 12>"
base/message_loop/message_pump_kqueue.h,FALSE,IDMap,0,174,"IDMap<FdWatchController*, uint64_t>"
base/message_loop/message_pump_kqueue.h,FALSE,IDMap,0,177,"IDMap<MachPortWatchController*, mach_port_t>"
base/message_loop/message_pump_unittest.cc,TRUE,std::map,0,157,"std::map<MessagePump::Delegate*, int>"
base/metrics/histogram.cc,FALSE,std::atomic,0,1480,std::atomic<const std::atomic<TimeTicks>*>
base/metrics/histogram_snapshot_manager_unittest.cc,TRUE,std::vector,1,71,"std::vector<raw_ptr<const HistogramBase, VectorExperimental>>"
base/metrics/histogram_threadsafe_unittest.cc,TRUE,raw_span,0,139,raw_span<HistogramBase*>
base/metrics/persistent_histogram_allocator.cc,FALSE,std::atomic,0,62,std::atomic<GlobalHistogramAllocator*>
base/metrics/sample_vector.h,FALSE,std::atomic,0,157,std::atomic<HistogramBase::AtomicCount*>
base/observer_list_threadsafe_unittest.cc,TRUE,std::vector,1,266,"std::vector<raw_ptr<Foo, VectorExperimental>>"
base/pending_task.h,FALSE,std::array,0,69,"std::array<const void*, kTaskBacktraceLength>"
base/profiler/stack_copier_signal.cc,FALSE,std::atomic,0,145,std::atomic<HandlerParams*>
base/profiler/thread_group_profiler.h,FALSE,flat_map,0,167,"flat_map<internal::WorkerThread*, std::unique_ptr<Profiler>>"
base/profiler/thread_group_profiler_unittest.cc,TRUE,std::map,0,253,"std::map<PlatformThreadId, MockProfiler*>"
base/sampling_heap_profiler/lock_free_address_hash_set.h,FALSE,std::atomic,0,122,std::atomic<void*>
base/sampling_heap_profiler/lock_free_address_hash_set.h,FALSE,std::atomic,0,134,std::atomic<Node*>
base/sampling_heap_profiler/poisson_allocation_sampler.cc,FALSE,std::atomic,0,34,std::atomic<LockFreeAddressHashSet*>
base/scoped_multi_source_observation_unittest.cc,TRUE,std::vector,1,28,"std::vector<raw_ptr<TestSourceObserver, VectorExperimental>>"
base/scoped_observation_unittest.cc,TRUE,std::vector,1,30,"std::vector<raw_ptr<TestSourceObserver, VectorExperimental>>"
base/supports_user_data.cc,FALSE,absl::flat_hash_map,0,16,"absl::flat_hash_map<const void*, std::unique_ptr<Data>>"
base/synchronization/lock_metrics_recorder.cc,FALSE,std::atomic,0,76,std::atomic<base::ThreadLocalOwnedPointer<LockMetricsRecorder>*>
base/synchronization/waitable_event.h,FALSE,base::circular_deque,1,264,"base::circular_deque<raw_ptr<Waiter, CtnExperimental>>"
base/task/common/task_annotator.h,FALSE,AutoReset,0,166,AutoReset<ScopedSetIpcHash*>
base/task/common/task_annotator.h,FALSE,AutoReset,0,199,AutoReset<LongTaskTracker*>
base/task/common/task_annotator_unittest.cc,TRUE,std::array,0,156,"std::array<const void*, PendingTask::kTaskBacktraceLength>"
base/task/deferred_sequenced_task_runner.h,FALSE,std::atomic,0,95,std::atomic<SequencedTaskRunner*>
base/task/execution_fence.cc,FALSE,absl::flat_hash_set,0,73,absl::flat_hash_set<SequenceManager*>
base/task/sequence_manager/sequence_manager_impl.h,FALSE,std::map,0,339,"std::map<internal::TaskQueueImpl*, std::unique_ptr<internal::TaskQueueImpl>>"
base/task/sequence_manager/sequence_manager_impl.h,FALSE,std::atomic,0,492,std::atomic<const base::TickClock*>
base/task/sequence_manager/task_queue_impl.h,FALSE,base::flat_map,1,573,"base::flat_map<raw_ptr<OnTaskPostedCallbackHandleImpl>, OnTaskPostedHandler>"
base/task/sequence_manager/task_queue_selector_unittest.cc,TRUE,std::map,0,162,"std::map<TaskQueueImpl*, size_t>"
base/task/thread_pool/worker_thread_set.h,FALSE,std::set,1,64,"std::set<raw_ptr<WorkerThread, SetExperimental>, Compare>"
base/test/async_results_test_values_win.h,TRUE,IAsyncOperation,0,22,IAsyncOperation<IUnknown*>
base/test/async_results_test_values_win.h,TRUE,IAsyncOperationCompletedHandler,0,26,IAsyncOperationCompletedHandler<IUnknown*>
base/test/async_results_test_values_win.h,TRUE,IAsyncOperation,0,31,IAsyncOperation<int*>
base/test/async_results_test_values_win.h,TRUE,IAsyncOperationCompletedHandler,0,35,IAsyncOperationCompletedHandler<int*>
base/test/test_suite.h,TRUE,raw_ptr,0,120,raw_ptr<char*>
base/threading/hang_watcher.h,FALSE,AutoReset,0,637,AutoReset<HangWatchState*>
base/threading/scoped_blocking_call_internal.h,FALSE,base::AutoReset,0,197,base::AutoReset<UncheckedScopedBlockingCall*>
base/threading/sequence_local_storage_map.h,FALSE,base::AutoReset,0,202,base::AutoReset<SequenceLocalStorageMap*>
base/threading/simple_thread.h,FALSE,base::queue,1,227,"base::queue<raw_ptr<Delegate, CtnExperimental>>"
base/threading/thread_id_name_manager.h,FALSE,std::vector,1,93,"std::vector<raw_ptr<Observer, VectorExperimental>>"
base/win/map.h,FALSE,base::flat_map,0,425,"base::flat_map<int64_t, ABI::Windows::Foundation::Collections:: MapChangedEventHandler<LogicalK, LogicalV>*>"
base/win/map_unittest.cc,TRUE,IIterable,0,51,"IIterable<IKeyValuePair<int, double>*>"
base/win/map_unittest.cc,TRUE,IIterator,0,56,"IIterator<IKeyValuePair<int, double>*>"
base/win/map_unittest.cc,TRUE,IVectorView,0,66,"IVectorView<IKeyValuePair<int, double>*>"
base/win/map_unittest.cc,TRUE,VectorChangedEventHandler,0,71,"VectorChangedEventHandler<IKeyValuePair<int, double>*>"
base/win/map_unittest.cc,TRUE,IObservableVector,0,76,"IObservableVector<IKeyValuePair<int, double>*>"
base/win/map_unittest.cc,TRUE,IMap,0,82,"IMap<Uri*, Uri*>"
base/win/map_unittest.cc,TRUE,IObservableMap,0,90,"IObservableMap<Uri*, Uri*>"
base/win/map_unittest.cc,TRUE,IMapChangedEventArgs,0,94,IMapChangedEventArgs<Uri*>
base/win/map_unittest.cc,TRUE,MapChangedEventHandler,0,98,"MapChangedEventHandler<Uri*, Uri*>"
base/win/map_unittest.cc,TRUE,IKeyValuePair,0,102,"IKeyValuePair<Uri*, Uri*>"
base/win/map_unittest.cc,TRUE,IIterable,0,106,"IIterable<IKeyValuePair<Uri*, Uri*>*>"
base/win/map_unittest.cc,TRUE,IIterator,0,111,"IIterator<IKeyValuePair<Uri*, Uri*>*>"
base/win/map_unittest.cc,TRUE,IVector,0,116,"IVector<IKeyValuePair<Uri*, Uri*>*>"
base/win/map_unittest.cc,TRUE,IVectorView,0,121,"IVectorView<IKeyValuePair<Uri*, Uri*>*>"
base/win/map_unittest.cc,TRUE,VectorChangedEventHandler,0,126,"VectorChangedEventHandler<IKeyValuePair<Uri*, Uri*>*>"
base/win/map_unittest.cc,TRUE,IObservableVector,0,131,"IObservableVector<IKeyValuePair<Uri*, Uri*>*>"
base/win/map_unittest.cc,TRUE,IVector,0,137,"IVector<IKeyValuePair<HSTRING, IInspectable*>*>"
base/win/map_unittest.cc,TRUE,IVectorView,0,142,"IVectorView<IKeyValuePair<HSTRING, IInspectable*>*>"
base/win/map_unittest.cc,TRUE,VectorChangedEventHandler,0,147,"VectorChangedEventHandler<IKeyValuePair<HSTRING, IInspectable*>*>"
base/win/map_unittest.cc,TRUE,IObservableVector,0,152,"IObservableVector<IKeyValuePair<HSTRING, IInspectable*>*>"
base/win/vector.h,FALSE,base::flat_map,0,402,"base::flat_map<int64_t, ABI::Windows::Foundation::Collections:: VectorChangedEventHandler<LogicalT>*>"
base/win/vector_unittest.cc,TRUE,IVector,0,63,IVector<Uri*>
base/win/vector_unittest.cc,TRUE,IVectorView,0,68,IVectorView<Uri*>
base/win/vector_unittest.cc,TRUE,IIterator,0,72,IIterator<Uri*>
base/win/vector_unittest.cc,TRUE,IIterable,0,76,IIterable<Uri*>
cc/animation/animation.h,FALSE,ProtectedSequenceReadable,1,235,ProtectedSequenceReadable<raw_ptr<AnimationTimeline>>
cc/layers/layer.h,FALSE,ProtectedSequenceReadable,1,1176,ProtectedSequenceReadable<raw_ptr<Layer>>
cc/layers/render_surface_impl.h,FALSE,std::vector,1,405,std::vector<raw_ptr<LayerImpl>>
cc/layers/texture_layer.h,FALSE,ProtectedSequenceForbidden,1,153,"ProtectedSequenceForbidden<raw_ptr<TextureLayerClient, DanglingUntriaged>>"
cc/metrics/events_metrics_manager.h,FALSE,std::vector,1,102,"std::vector<raw_ptr<ScopedMonitorImpl, VectorExperimental>>"
cc/metrics/scroll_jank_v4_decider_unittest.cc,TRUE,std::optional,0,215,std::optional<const Real*>
cc/metrics/scroll_jank_v4_frame_timeline_calculator.cc,FALSE,std::vector,1,169,std::vector<raw_ptr<ScrollEventMetrics>>
cc/paint/paint_op_buffer_iterator.h,FALSE,absl::InlinedVector,1,242,"absl::InlinedVector<raw_ptr<const PaintOp>, 3>"
cc/resources/ui_resource_manager.h,FALSE,std::unordered_map,0,85,"std::unordered_map<SkPixelRef*, std::unique_ptr<ScopedUIResource>>"
cc/slim/layer_tree_impl.h,FALSE,base::flat_map,1,228,"base::flat_map<viz::OffsetTag, raw_ptr<SurfaceLayer>>"
cc/test/fake_tile_manager.h,FALSE,std::vector,1,29,"std::vector<raw_ptr<Tile, VectorExperimental>>"
cc/tiles/tile_manager.h,FALSE,std::unordered_map,1,411,"std::unordered_map<Tile::Id, raw_ptr<Tile, CtnExperimental>>"
cc/tiles/tile_manager.h,FALSE,std::unordered_set,1,438,"std::unordered_set<raw_ptr<Tile, CtnExperimental>>"
cc/tiles/tiles_with_resource_iterator.h,FALSE,std::set,1,73,"std::set<raw_ptr<Tile, SetExperimental>>"
cc/tiles/tiling_set_eviction_queue.h,FALSE,std::vector,1,206,"std::vector<raw_ptr<PictureLayerTiling, UnprotectedInRelease>>"
cc/trees/commit_state.h,FALSE,std::unordered_map,1,213,"std::unordered_map<int, raw_ptr<Layer, CtnExperimental>>"
cc/trees/damage_tracker_unittest.cc,TRUE,std::vector,1,380,"std::vector<raw_ptr<TestLayerImpl, VectorExperimental>>"
cc/trees/layer_tree_host.h,FALSE,std::unordered_map,1,1144,"std::unordered_map<int, raw_ptr<Layer, CtnExperimental>>"
cc/trees/layer_tree_host.h,FALSE,std::unordered_map,1,1146,"std::unordered_map<ElementId, raw_ptr<Layer, CtnExperimental>, ElementIdHash>"
cc/trees/layer_tree_host_impl.h,FALSE,std::set,1,1210,"std::set<raw_ptr<VideoFrameController, SetExperimental>>"
cc/trees/layer_tree_host_impl.h,FALSE,std::set,1,1235,"std::set<raw_ptr<LatencyInfoSwapPromiseMonitor, SetExperimental>>"
cc/trees/layer_tree_impl.h,FALSE,std::vector,1,873,std::vector<raw_ptr<PictureLayerImpl>>
cc/trees/swap_promise_manager.h,FALSE,std::set,1,57,"std::set<raw_ptr<LatencyInfoSwapPromiseMonitor, SetExperimental>>"
cc/trees/throttle_decider.h,FALSE,base::flat_map,1,42,"base::flat_map<viz::CompositorRenderPassId, raw_ptr<const viz::CompositorRenderPass, CtnExperimental>>"
chrome/browser/accessibility/live_caption/live_caption_speech_recognition_host_browsertest.h,TRUE,std::map,0,84,"std::map<content::RenderFrameHost*, mojo::Remote<media::mojom::SpeechRecognitionRecognizerClient>>"
chrome/browser/accessibility/live_caption/live_caption_unavailability_notifier_browsertest.cc,TRUE,std::map,0,79,"std::map<content::RenderFrameHost*, mojo::Remote<media::mojom::MediaFoundationRendererNotifier>>"
chrome/browser/android/devtools_manager_delegate_android.cc,FALSE,std::map,0,198,"std::map<content::DevToolsExternalAgentProxy*, std::unique_ptr<ClientProxy>>"
chrome/browser/android/devtools_manager_delegate_android.h,FALSE,base::flat_map,0,56,"base::flat_map<content::DevToolsAgentHostClientChannel*, std::unique_ptr<ChromeDevToolsSessionAndroid>>"
chrome/browser/android/webapps/twa_launch_queue_tab_helper.h,FALSE,absl::flat_hash_map,1,113,"absl::flat_hash_map<int64_t, raw_ptr<content::NavigationHandle>>"
chrome/browser/apps/app_service/app_service_proxy_base.h,FALSE,base::flat_map,1,428,"base::flat_map<AppType, raw_ptr<Publisher, CtnExperimental>>"
chrome/browser/apps/app_service/metrics/app_platform_input_metrics.h,FALSE,base::flat_map,0,134,"base::flat_map<aura::Window*, AppInfo>"
chrome/browser/apps/app_service/metrics/website_metrics.h,FALSE,base::flat_map,1,277,"base::flat_map<aura::Window*, raw_ptr<content::WebContents, CtnExperimental>>"
chrome/browser/apps/app_service/metrics/website_metrics.h,FALSE,std::map,0,281,"std::map<wm::ActivationClient*, std::set<raw_ptr<aura::Window, SetExperimental>>>"
chrome/browser/apps/app_service/metrics/website_metrics.h,FALSE,std::map,0,285,"std::map<content::WebContents*, std::unique_ptr<ActiveTabWebContentsObserver>>"
chrome/browser/apps/app_service/metrics/website_metrics.h,FALSE,std::map,0,297,"std::map<content::WebContents*, GURL>"
chrome/browser/apps/app_service/publishers/extension_apps_chromeos.h,FALSE,std::map,1,212,"std::map<extensions::AppWindow*, raw_ptr<aura::Window, CtnExperimental>>"
chrome/browser/apps/app_shim/app_shim_manager_mac.cc,FALSE,std::set,0,334,std::set<BrowserWindowInterface*>
chrome/browser/apps/app_shim/app_shim_manager_mac.cc,FALSE,std::map,0,367,"std::map<Profile*, std::unique_ptr<ProfileState>>"
chrome/browser/apps/guest_view/web_view_browsertest.cc,TRUE,std::set,1,411,"std::set<raw_ptr<aura::Window, SetExperimental>>"
chrome/browser/apps/platform_apps/app_browsertest.cc,TRUE,std::vector,1,158,"std::vector<raw_ptr<content::WebContents, VectorExperimental>>"
chrome/browser/ash/app_list/app_list_client_impl.h,FALSE,std::map,1,251,"std::map<int, raw_ptr<AppListModelUpdater, CtnExperimental>>"
chrome/browser/ash/app_list/arc/arc_app_list_prefs_factory.h,FALSE,std::unordered_map,0,42,"std::unordered_map< content::BrowserContext*, std::unique_ptr< arc::ConnectionHolder<arc::mojom::AppInstance, arc::mojom::AppHost>>>"
chrome/browser/ash/app_list/chrome_app_list_model_updater.h,FALSE,std::vector,1,235,"std::vector<raw_ptr<ChromeSearchResult, VectorExperimental>>"
chrome/browser/ash/app_list/launcher_continue_section_browsertest.cc,TRUE,std::map,0,320,"std::map<Profile*, std::unique_ptr<drive::FakeDriveFsHelper>>"
chrome/browser/ash/app_list/search/files/drive_search_browsertest.cc,TRUE,std::map,0,59,"std::map<Profile*, std::unique_ptr<drive::FakeDriveFsHelper>>"
chrome/browser/ash/app_list/search/ranking/answer_ranker.h,FALSE,std::vector,1,41,"std::vector<raw_ptr<ChromeSearchResult, VectorExperimental>>"
chrome/browser/ash/app_list/test/fake_app_list_model_updater.h,FALSE,std::vector,1,96,"std::vector<raw_ptr<ChromeSearchResult, VectorExperimental>>"
chrome/browser/ash/app_restore/full_restore_app_launch_handler_browsertest.cc,TRUE,std::map,0,178,"std::map<aura::Window*, int>"
chrome/browser/ash/app_restore/full_restore_app_launch_handler_browsertest.cc,TRUE,std::map,0,179,"std::map<aura::Window*, int>"
chrome/browser/ash/arc/accessibility/arc_accessibility_helper_bridge_unittest.cc,TRUE,std::map,1,145,"std::map<std::string, raw_ptr<ArcNotificationSurface, CtnExperimental>>"
chrome/browser/ash/arc/accessibility/arc_accessibility_tree_tracker.h,FALSE,std::map,1,191,"std::map<int32_t, raw_ptr<aura::Window, CtnExperimental>>"
chrome/browser/ash/arc/bluetooth/arc_floss_bridge.h,FALSE,base::flat_map,0,157,"base::flat_map< ArcBluetoothBridge::BluetoothListeningSocket*, std::pair<std::unique_ptr<ArcBluetoothBridge::BluetoothListeningSocket>, floss::FlossSocketManager::SocketId>>"
chrome/browser/ash/arc/input_overlay/arc_input_overlay_manager.h,FALSE,base::flat_map,0,163,"base::flat_map<aura::Window*, std::unique_ptr<TouchInjector>>"
chrome/browser/ash/arc/input_overlay/arc_input_overlay_manager.h,FALSE,base::flat_set,1,171,"base::flat_set<raw_ptr<aura::Window, CtnExperimental>>"
chrome/browser/ash/arc/input_overlay/ui/action_view.h,FALSE,std::vector,1,132,"std::vector<raw_ptr<ActionLabel, VectorExperimental>>"
chrome/browser/ash/arc/input_overlay/ui/edit_labels.h,FALSE,std::vector,1,91,"std::vector<raw_ptr<EditLabel, VectorExperimental>>"
chrome/browser/ash/arc/instance_throttle/arc_pip_window_throttle_observer_unittest.cc,TRUE,std::map,1,43,"std::map<int, raw_ptr<aura::Window, CtnExperimental>>"
chrome/browser/ash/arc/tracing/arc_tracing_bridge.cc,FALSE,std::set,1,252,"std::set<raw_ptr<ArcTracingBridge, SetExperimental>>"
chrome/browser/ash/boca/on_task/on_task_locked_session_window_tracker.h,FALSE,absl::flat_hash_map,0,166,"absl::flat_hash_map<ash::BrowserDelegate*, std::unique_ptr<base::CancelableOnceClosure>>"
chrome/browser/ash/browser_delegate/browser_controller_impl.h,FALSE,absl::flat_hash_map,0,71,"absl::flat_hash_map<BrowserWindowInterface*, std::unique_ptr<BrowserDelegateImpl>>"
chrome/browser/ash/certificate_provider/pin_dialog_manager.h,FALSE,std::vector,1,195,"std::vector<raw_ptr<SecurityTokenPinDialogHost, VectorExperimental>>"
chrome/browser/ash/child_accounts/time_limits/web_time_activity_provider.h,FALSE,std::set,0,93,std::set<const BrowserWindowInterface*>
chrome/browser/ash/child_accounts/time_limits/web_time_activity_provider.h,FALSE,std::map,0,101,"std::map<const WebTimeNavigationObserver*, WebTimeNavigationObserver::NavigationInfo>"
chrome/browser/ash/chromebox_for_meetings/browser/cfm_memory_details.h,FALSE,std::map,0,39,"std::map<base::ProcessId, chromeos::cfm::mojom::ProcessMemoryInformation*>"
chrome/browser/ash/drive/drive_integration_service_browser_test_base.h,TRUE,std::map,0,65,"std::map<Profile*, base::ScopedTempDir>"
chrome/browser/ash/drive/drive_integration_service_browser_test_base.h,TRUE,std::map,0,71,"std::map<Profile*, std::unique_ptr<drive::FakeDriveFsHelper>>"
chrome/browser/ash/extensions/external_cache_impl.cc,FALSE,base::flat_set,1,102,"base::flat_set<raw_ptr<Profile, CtnExperimental>>"
chrome/browser/ash/file_manager/external_filesystem_apitest.cc,TRUE,std::unordered_map,0,579,"std::unordered_map<Profile*, std::unique_ptr<drive::FakeDriveFsHelper>>"
chrome/browser/ash/file_manager/file_manager_browsertest_base.h,TRUE,std::map,0,370,"std::map<Profile*, std::unique_ptr<DriveFsTestVolume>>"
chrome/browser/ash/file_manager/file_tasks_browsertest.cc,TRUE,std::map,0,1314,"std::map<Profile*, std::unique_ptr<test::FakeSimpleDriveFsHelper>>"
chrome/browser/ash/fileapi/recent_model.h,FALSE,std::set,1,185,std::set<raw_ptr<RecentSource>>
chrome/browser/ash/growth/show_nudge_action_performer.cc,FALSE,std::optional,0,38,std::optional<views::View*>
chrome/browser/ash/login/lock/screen_locker_tester.cc,TRUE,base::WeakAutoReset,1,80,"base::WeakAutoReset<ScreenLocker, raw_ptr<AuthStatusConsumer>>"
chrome/browser/ash/login/oobe_quick_start/connectivity/fake_target_device_connection_broker.h,FALSE,std::vector,1,60,"std::vector<raw_ptr<FakeTargetDeviceConnectionBroker, VectorExperimental>>"
chrome/browser/ash/login/screens/drive_pinning_screen_browsertest.cc,TRUE,std::map,0,269,"std::map<Profile*, std::unique_ptr<drive::FakeDriveFsHelper>>"
chrome/browser/ash/login/session/user_session_manager.h,FALSE,std::map,0,604,"std::map<Profile*, scoped_refptr<input_method::InputMethodManager::State>, ProfileCompare>"
chrome/browser/ash/login/session/user_session_manager.h,FALSE,std::map,0,610,"std::map<Profile*, std::unique_ptr<EolNotification>, ProfileCompare>"
chrome/browser/ash/login/session/user_session_manager.h,FALSE,std::map,0,636,"std::map<Profile*, std::unique_ptr<DeviceAccountGaiaTokenObserver>>"
chrome/browser/ash/login/session/user_session_manager.h,FALSE,base::flat_set,1,656,"base::flat_set<raw_ptr<Profile, CtnExperimental>>"
chrome/browser/ash/login/signin/oauth2_browsertest.cc,TRUE,std::map,1,489,"std::map<std::string, raw_ptr<RequestDeferrer, CtnExperimental>>"
chrome/browser/ash/login/test/dialog_window_waiter.h,FALSE,std::set,1,56,"std::set<raw_ptr<aura::Window, SetExperimental>>"
chrome/browser/ash/login/users/multi_user_sign_in_policy_controller_unittest.cc,TRUE,std::vector,1,217,"std::vector<raw_ptr<TestingProfile, VectorExperimental>>"
chrome/browser/ash/login/wizard_controller.h,FALSE,base::flat_map,1,671,"base::flat_map<BaseScreen*, raw_ptr<BaseScreen, CtnExperimental>>"
chrome/browser/ash/mahi/media_app/mahi_media_app_content_manager_impl.h,FALSE,std::map,1,58,"std::map<base::UnguessableToken, raw_ptr<MahiMediaAppClient>>"
chrome/browser/ash/mahi/media_app/mahi_media_app_content_manager_impl.h,FALSE,std::set,1,60,"std::set<raw_ptr<const aura::Window, SetExperimental>>"
chrome/browser/ash/net/client_cert_store_kcer_unittest.cc,TRUE,std::vector,1,227,"std::vector<raw_ptr<net::X509Certificate, VectorExperimental>>"
chrome/browser/ash/note_taking/note_taking_helper_unittest.cc,TRUE,std::vector,1,158,std::vector<raw_ptr<Profile>>
chrome/browser/ash/policy/dlp/dlp_content_manager_ash.h,FALSE,base::flat_map,0,191,"base::flat_map<content::WebContents*, std::unique_ptr<DlpWindowObserver>>"
chrome/browser/ash/policy/dlp/dlp_content_manager_ash.h,FALSE,base::flat_map,0,195,"base::flat_map<aura::Window*, DlpContentRestrictionSet>"
chrome/browser/ash/policy/dlp/dlp_content_manager_ash.h,FALSE,base::flat_map,0,198,"base::flat_map<aura::Window*, std::unique_ptr<DlpWindowObserver>>"
chrome/browser/ash/policy/dlp/dlp_content_manager_ash.h,FALSE,base::flat_map,0,202,"base::flat_map<aura::Window*, std::unique_ptr<DlpWindowObserver>>"
chrome/browser/ash/policy/skyvault/test/skyvault_test_base.h,TRUE,std::map,0,155,"std::map<Profile*, std::unique_ptr<file_manager::test::FakeSimpleDriveFsHelper>>"
chrome/browser/ash/power/auto_screen_brightness/light_provider_mojo_unittest.cc,TRUE,std::map,1,109,"std::map<int32_t, raw_ptr<chromeos::sensors::FakeSensorDevice, CtnExperimental>>"
chrome/browser/ash/printing/oauth2/authorization_zones_manager_unittest.cc,TRUE,std::map,1,215,"std::map<GURL, raw_ptr<AuthZoneMock, CtnExperimental>>"
chrome/browser/ash/profiles/profile_helper.cc,FALSE,std::map,1,63,"std::map<const user_manager::User*, raw_ptr<Profile, CtnExperimental>>"
chrome/browser/background/extensions/background_mode_manager_unittest.cc,TRUE,std::map,0,211,"std::map<const Profile*, AppCounts>"
chrome/browser/background/glic/glic_background_mode_manager.h,FALSE,std::map,0,152,"std::map<Profile*, base::CallbackListSubscription>"
chrome/browser/background/glic/glic_background_mode_manager.h,FALSE,std::map,0,154,"std::map<Profile*, base::CallbackListSubscription>"
chrome/browser/background/glic/glic_background_mode_manager.h,FALSE,std::map,0,158,"std::map<Profile*, ScopedProfileObserver>"
chrome/browser/bookmarks/bookmark_parent_folder.h,FALSE,std::variant,1,71,"std::variant<PermanentFolderType, raw_ptr<const bookmarks::BookmarkNode>>"
chrome/browser/bookmarks/bookmark_parent_folder_children.h,FALSE,std::variant,1,60,"std::variant<raw_ptr<const bookmarks::BookmarkNode>, raw_ptr<const PermanentFolderOrderingTracker>>"
chrome/browser/bookmarks/permanent_folder_ordering_tracker.h,FALSE,std::vector,1,176,std::vector<raw_ptr<const bookmarks::BookmarkNode>>
chrome/browser/browser_switcher/browser_switcher_service_win.cc,FALSE,std::vector,1,51,"std::vector<raw_ptr<Rule, VectorExperimental>>"
chrome/browser/browser_switcher/browser_switcher_service_win.cc,FALSE,std::vector,1,52,"std::vector<raw_ptr<Rule, VectorExperimental>>"
chrome/browser/chrome_multiprofile_startup_browsertest.cc,TRUE,Matcher,0,70,Matcher<Profile*>
chrome/browser/chrome_origin_trials_browsertest.cc,TRUE,std::vector,0,50,std::vector<const uint8_t*>
chrome/browser/chromeos/policy/dlp/dialogs/dlp_warn_notifier.h,FALSE,std::vector,1,81,"std::vector<raw_ptr<views::Widget, VectorExperimental>>"
chrome/browser/chromeos/policy/dlp/dlp_content_manager.h,FALSE,base::flat_map,0,442,"base::flat_map<content::WebContents*, DlpContentRestrictionSet>"
chrome/browser/chromeos/policy/dlp/dlp_content_manager.h,FALSE,base::flat_set,0,470,base::flat_set<TabStripModel*>
chrome/browser/chromeos/policy/dlp/dlp_content_tab_helper.h,FALSE,base::flat_map,0,84,"base::flat_map<content::RenderFrameHost*, DlpContentRestrictionSet>"
chrome/browser/chromeos/policy/dlp/dlp_files_controller.cc,FALSE,std::optional,0,31,std::optional<storage::FileSystemContext*>
chrome/browser/chromeos/video_conference/video_conference_manager_client.h,FALSE,std::map,1,102,"std::map<base::UnguessableToken, raw_ptr<content::WebContents>>"
chrome/browser/compose/chrome_compose_client.h,FALSE,std::optional,0,305,std::optional<optimization_guide::RemoteModelExecutor*>
chrome/browser/compose/chrome_compose_client.h,FALSE,std::optional,0,308,std::optional<optimization_guide::ModelQualityLogsUploaderService*>
chrome/browser/compose/chrome_compose_client.h,FALSE,std::optional,0,322,std::optional<InnerTextProvider*>
chrome/browser/content_settings/mixed_content_settings_tab_helper.h,FALSE,std::map,1,71,"std::map<raw_ptr<content::SiteInstance>, std::unique_ptr<SiteSettings>>"
chrome/browser/content_settings/sound_content_setting_observer_browsertest.cc,TRUE,std::map,0,202,"std::map<content::RenderFrameHost*, std::unique_ptr<TestAutoplayConfigurationClient>>"
chrome/browser/contextual_tasks/contextual_tasks_window_tracker_manager.h,FALSE,std::set,1,113,std::set<raw_ptr<TabListInterface>>
chrome/browser/device_api/managed_configuration_api.h,FALSE,std::set,1,113,"std::set<raw_ptr<Observer, SetExperimental>>"
chrome/browser/device_identity/device_oauth2_token_service.h,FALSE,std::vector,1,181,"std::vector<raw_ptr<PendingRequest, VectorExperimental>>"
chrome/browser/device_notifications/device_system_tray_icon.h,FALSE,base::flat_map,0,80,"base::flat_map<Profile*, bool>"
chrome/browser/devtools/chrome_devtools_manager_delegate.h,FALSE,std::map,0,113,"std::map<content::DevToolsAgentHostClientChannel*, std::unique_ptr<ChromeDevToolsSession>>"
chrome/browser/devtools/device/devtools_device_discovery.cc,FALSE,std::map,0,204,"std::map<content::DevToolsExternalAgentProxy*, std::unique_ptr<WebSocketProxy>>"
chrome/browser/devtools/devtools_browser_context_manager.h,FALSE,base::flat_map,1,58,"base::flat_map<std::string, raw_ptr<Profile, CtnExperimental>>"
chrome/browser/devtools/devtools_file_watcher.cc,FALSE,std::vector,1,66,"std::vector<raw_ptr<DevToolsFileWatcher, VectorExperimental>>"
chrome/browser/devtools/devtools_ui_controller.h,FALSE,std::map,0,92,"std::map<ContentsContainerView*, std::unique_ptr<DevtoolsWebViewController>>"
chrome/browser/devtools/global_confirm_info_bar.h,FALSE,std::map,1,62,"std::map<infobars::InfoBarManager*, raw_ptr<DelegateProxy, CtnExperimental>>"
chrome/browser/devtools/protocol/browser_handler_android.h,FALSE,base::flat_map,1,93,"base::flat_map<int, raw_ptr<BrowserWindowInterface>>"
chrome/browser/devtools/protocol/browser_handler_android.h,FALSE,base::flat_map,0,94,"base::flat_map<BrowserWindowInterface*, base::CallbackListSubscription>"
chrome/browser/devtools/protocol/devtools_protocol_browsertest.cc,TRUE,std::vector,1,1901,"std::vector<raw_ptr<content::WebContents, VectorExperimental>>"
chrome/browser/dictation/dictation_multiplexer.h,FALSE,absl::flat_hash_map,1,50,"absl::flat_hash_map<StreamId, raw_ptr<StreamProvider>>"
chrome/browser/download/android/dangerous_download_dialog_bridge.h,FALSE,std::vector,1,46,"std::vector<raw_ptr<download::DownloadItem, VectorExperimental>>"
chrome/browser/download/android/download_manager_service.h,FALSE,std::vector,1,239,"std::vector<raw_ptr<ProfileKey, VectorExperimental>>"
chrome/browser/download/android/duplicate_download_dialog_bridge_delegate.h,FALSE,std::vector,1,55,"std::vector<raw_ptr<download::DownloadItem, VectorExperimental>>"
chrome/browser/download/android/insecure_download_dialog_bridge.h,FALSE,std::vector,1,49,"std::vector<raw_ptr<download::DownloadItem, VectorExperimental>>"
chrome/browser/download/android/new_navigation_observer.h,FALSE,std::map,0,58,"std::map<content::WebContents*, std::unique_ptr<DownloadNavigationObserver>>"
chrome/browser/download/android/open_download_dialog_bridge_delegate.h,FALSE,std::vector,1,41,"std::vector<raw_ptr<download::DownloadItem, VectorExperimental>>"
chrome/browser/download/android/policy_warning_download_dialog_bridge.h,FALSE,std::vector,1,48,"std::vector<raw_ptr<download::DownloadItem, VectorExperimental>>"
chrome/browser/download/download_query_unittest.cc,TRUE,std::vector,1,112,"std::vector<raw_ptr<download::MockDownloadItem, VectorExperimental>>"
chrome/browser/download/download_status_updater.h,FALSE,std::map,0,66,"std::map<Profile*, std::unique_ptr<ScopedProfileKeepAlive>>"
chrome/browser/download/download_status_updater_unittest.cc,TRUE,std::vector,1,205,"std::vector<raw_ptr<content::DownloadManager::Observer, VectorExperimental>>"
chrome/browser/download/download_status_updater_unittest.cc,TRUE,std::vector,1,219,"std::vector<raw_ptr<TestingProfile, VectorExperimental>>"
chrome/browser/download/download_ui_controller_unittest.cc,TRUE,base::WeakPtr,1,55,base::WeakPtr<raw_ptr<download::DownloadItem>>
chrome/browser/download/download_ui_controller_unittest.cc,TRUE,base::WeakPtrFactory,1,159,base::WeakPtrFactory<raw_ptr<download::DownloadItem>>
chrome/browser/download/save_page_browsertest.cc,TRUE,std::vector,1,294,"std::vector<raw_ptr<DownloadItem, VectorExperimental>>"
chrome/browser/enterprise/connectors/reporting/crash_reporting_context.h,FALSE,std::unordered_map,1,51,"std::unordered_map<BrowserCrashEventRouter*, raw_ptr<Profile, CtnExperimental>>"
chrome/browser/enterprise/connectors/reporting/telomere_reporting_context.h,FALSE,std::unordered_map,1,47,"std::unordered_map<TelomereEventRouter*, raw_ptr<Profile, CtnExperimental>>"
chrome/browser/enterprise/connectors/test/fake_content_analysis_sdk_manager.h,FALSE,std::map,1,60,"std::map<content_analysis::sdk::Client::Config, raw_ptr<FakeContentAnalysisSdkClient, CtnExperimental>, decltype(CompareConfig)>"
chrome/browser/enterprise/data_controls/desktop_data_controls_dialog_browsertest.cc,TRUE,std::map,0,109,"std::map<DesktopDataControlsDialog*, views::DialogDelegate*>"
chrome/browser/enterprise/data_controls/desktop_data_controls_dialog_browsertest.cc,TRUE,std::map,0,110,"std::map<DesktopDataControlsDialog*, base::OnceClosure>"
chrome/browser/enterprise/data_controls/desktop_data_controls_dialog_browsertest.cc,TRUE,std::map,0,112,"std::map<DesktopDataControlsDialog*, std::unique_ptr<base::RunLoop>>"
chrome/browser/enterprise/idle/idle_service_interactive_uitest.cc,TRUE,std::set,1,111,"std::set<raw_ptr<BrowserWindowInterface, SetExperimental>>"
chrome/browser/enterprise/idle/idle_service_interactive_uitest.cc,TRUE,absl::flat_hash_map,1,112,"absl::flat_hash_map<raw_ptr<BrowserWindowInterface>, base::CallbackListSubscription>"
chrome/browser/enterprise/remote_commands/job_profile_picker.h,FALSE,std::variant,1,33,"std::variant<raw_ptr<Profile>, raw_ptr<ProfileManager>>"
chrome/browser/enterprise/reporting/extension_request/extension_request_observer_factory.h,FALSE,std::map,0,52,"std::map<Profile*, std::unique_ptr<ExtensionRequestObserver>, ProfileCompare>"
chrome/browser/enterprise/watermark/watermark_example.h,FALSE,std::vector,1,64,std::vector<raw_ptr<views::Slider>>
chrome/browser/enterprise/watermark/watermark_example.h,FALSE,std::vector,1,65,std::vector<raw_ptr<views::Label>>
chrome/browser/enterprise/watermark/watermark_example.h,FALSE,std::vector,1,66,std::vector<raw_ptr<views::Slider>>
chrome/browser/enterprise/watermark/watermark_example.h,FALSE,std::vector,1,67,std::vector<raw_ptr<views::Label>>
chrome/browser/extensions/activity_log/activity_log.cc,FALSE,std::map,1,271,"std::map<std::string, raw_ptr<const ApiInfo, CtnExperimental>>"
chrome/browser/extensions/api/declarative_content/chrome_content_rules_registry.h,FALSE,std::map,0,172,"std::map<content::WebContents*, std::set<raw_ptr<const ContentRule, SetExperimental>>>"
chrome/browser/extensions/api/declarative_content/chrome_content_rules_registry.h,FALSE,std::set,1,185,"std::set<raw_ptr<content::WebContents, SetExperimental>>"
chrome/browser/extensions/api/declarative_content/content_condition_unittest.cc,TRUE,std::vector,1,82,"std::vector<raw_ptr<const ContentPredicate, VectorExperimental>>"
chrome/browser/extensions/api/declarative_content/declarative_content_css_condition_tracker.h,FALSE,std::map,0,163,"std::map<const void*, std::vector<raw_ptr<const DeclarativeContentCssPredicate, VectorExperimental>>>"
chrome/browser/extensions/api/declarative_content/declarative_content_css_condition_tracker.h,FALSE,std::map,0,169,"std::map<content::WebContents*, std::unique_ptr<PerWebContentsTracker>>"
chrome/browser/extensions/api/declarative_content/declarative_content_is_bookmarked_condition_tracker.h,FALSE,std::map,0,165,"std::map<content::WebContents*, std::unique_ptr<PerWebContentsTracker>>"
chrome/browser/extensions/api/declarative_content/declarative_content_is_bookmarked_condition_tracker_unittest.cc,TRUE,std::set,1,106,"std::set<raw_ptr<content::WebContents, SetExperimental>>"
chrome/browser/extensions/api/declarative_content/declarative_content_page_url_condition_tracker.h,FALSE,std::map,0,150,"std::map<const void*, std::vector<raw_ptr<const DeclarativeContentPageUrlPredicate, VectorExperimental>>>"
chrome/browser/extensions/api/declarative_content/declarative_content_page_url_condition_tracker.h,FALSE,std::map,0,156,"std::map<content::WebContents*, std::unique_ptr<PerWebContentsTracker>>"
chrome/browser/extensions/api/declarative_content/declarative_content_page_url_condition_tracker_unittest.cc,TRUE,std::set,1,63,"std::set<raw_ptr<content::WebContents, SetExperimental>>"
chrome/browser/extensions/api/developer_private/developer_private_api.h,FALSE,std::map,0,132,"std::map<content::WebContents*, WebContentsData>"
chrome/browser/extensions/api/downloads/downloads_api.h,FALSE,std::set,1,421,"std::set<raw_ptr<const extensions::Extension, SetExperimental>>"
chrome/browser/extensions/api/downloads/downloads_api_browsertest.cc,TRUE,raw_ptr,0,2171,raw_ptr<base::TaskRunner*>
chrome/browser/extensions/api/identity/identity_apitest.cc,TRUE,std::map,0,246,"std::map<ExtensionFunction*, std::unique_ptr<AsyncFunctionRunner>>"
chrome/browser/extensions/api/input_ime/input_ime_api.h,FALSE,std::map,1,54,"std::map<Profile*, raw_ptr<InputImeEventRouter, CtnExperimental>, ProfileCompare>"
chrome/browser/extensions/api/tab_groups/tab_groups_api_browsertest.cc,TRUE,std::vector,1,203,"std::vector<raw_ptr<content::WebContents, VectorExperimental>>"
chrome/browser/extensions/api/tabs/tabs_test.cc,TRUE,std::vector,1,183,"std::vector<raw_ptr<content::WebContents, DanglingUntriaged>>"
chrome/browser/extensions/api/web_navigation/web_navigation_event_router.h,FALSE,std::map,0,93,"std::map<content::WebContents*, PendingWebContents>"
chrome/browser/extensions/extension_action_runner_browsertest.cc,TRUE,std::vector,1,128,"std::vector<raw_ptr<const Extension, VectorExperimental>>"
chrome/browser/extensions/menu_manager.h,FALSE,std::map,1,441,"std::map<MenuItem::Id, raw_ptr<MenuItem, CtnExperimental>>"
chrome/browser/extensions/process_manager_browsertest.cc,TRUE,std::set,1,204,"std::set<raw_ptr<content::RenderFrameHost, SetExperimental>>"
chrome/browser/extensions/test_extension_action_dispatcher_observer.h,TRUE,std::set,1,71,"std::set<raw_ptr<content::WebContents, SetExperimental>>"
chrome/browser/extensions/web_contents_browsertest.cc,TRUE,std::map,0,75,"std::map<content::RenderFrameHost*, std::unique_ptr<ExtensionNavigationUIData>>"
chrome/browser/file_system_access/chrome_file_system_access_permission_context.cc,FALSE,std::map,1,1521,"std::map<base::FilePath, raw_ptr<PermissionGrantImpl, CtnExperimental>>"
chrome/browser/file_system_access/chrome_file_system_access_permission_context.cc,FALSE,std::map,1,1523,"std::map<base::FilePath, raw_ptr<PermissionGrantImpl, CtnExperimental>>"
chrome/browser/font_prewarmer_tab_helper.cc,FALSE,std::set,1,156,"std::set<raw_ptr<content::RenderProcessHost, SetExperimental>>"
chrome/browser/glic/common/glic_tab_observer_android.h,FALSE,absl::flat_hash_map,1,91,"absl::flat_hash_map<TabModel*, raw_ptr<tabs::TabInterface>>"
chrome/browser/glic/common/glic_tab_observer_android.h,FALSE,absl::flat_hash_map,0,94,"absl::flat_hash_map<TabAndroid*, std::unique_ptr<TabContentObserver>>"
chrome/browser/glic/common/glic_tab_observer_android.h,FALSE,absl::flat_hash_map,0,97,"absl::flat_hash_map<TabAndroid*, base::CallbackListSubscription>"
chrome/browser/glic/common/glic_tab_observer_android.h,FALSE,absl::flat_hash_map,0,100,"absl::flat_hash_map<TabAndroid*, base::CallbackListSubscription>"
chrome/browser/glic/e2e_test/glic_e2e_test.h,TRUE,std::map,0,128,"std::map<content::WebContents*, std::unique_ptr<content::TestDevToolsProtocolClient>>"
chrome/browser/glic/glic_metrics_unittest.cc,TRUE,std::vector,1,99,std::vector<raw_ptr<content::WebContents>>
chrome/browser/glic/glic_profile_manager.cc,FALSE,std::optional,0,44,std::optional<Profile*>
chrome/browser/glic/host/context/glic_focused_browser_manager_impl.h,FALSE,std::map,0,136,"std::map<BrowserWindowInterface*, std::vector<base::CallbackListSubscription>>"
chrome/browser/glic/host/context/glic_sharing_manager_impl.h,FALSE,std::variant,1,148,"std::variant<std::unique_ptr<GlicPinnedTabManager>, raw_ptr<GlicPinnedTabManager>>"
chrome/browser/glic/host/context/glic_tab_data.h,FALSE,std::variant,1,166,"std::variant<raw_ptr<tabs::TabInterface>, std::string>"
chrome/browser/glic/public/glic_keyed_service.h,FALSE,base::flat_map,0,303,"base::flat_map<BrowserWindowInterface*, std::unique_ptr<class GlicSplitButtonController>>"
chrome/browser/glic/public/glic_keyed_service.h,FALSE,base::flat_map,0,306,"base::flat_map<BrowserWindowInterface*, base::CallbackListSubscription>"
chrome/browser/glic/service/glic_instance_coordinator_impl.h,FALSE,base::flat_map,0,322,"base::flat_map<GlicInstance*, std::unique_ptr<GlicInvokeHandler>>"
chrome/browser/glic/service/glic_instance_helper.h,FALSE,base::flat_set,1,75,base::flat_set<raw_ptr<Instance>>
chrome/browser/glic/suggestions/zero_state_suggestions_request.h,FALSE,std::vector,1,97,std::vector<raw_ptr<content::WebContents>>
chrome/browser/google/google_update_win_unittest.cc,TRUE,base::queue,1,347,"base::queue<raw_ptr<CComObject<MockCurrentState>, CtnExperimental>>"
chrome/browser/hid/chrome_hid_delegate.h,FALSE,base::flat_map,0,89,"base::flat_map<content::BrowserContext*, std::unique_ptr<ContextObservation>>"
chrome/browser/infobars/browser_infobar_manager.h,FALSE,std::map,0,104,"std::map<infobars::InfoBarManager*, infobars::InfoBar*>"
chrome/browser/infobars/browser_infobar_manager.h,FALSE,std::map,0,112,"std::map<BrowserWindowInterface*, infobars::InfoBarManager*>"
chrome/browser/infobars/browser_infobar_manager.h,FALSE,std::map,0,116,"std::map<BrowserWindowInterface*, base::CallbackListSubscription>"
chrome/browser/intranet_redirect_detector.h,FALSE,std::map,0,100,"std::map<network::SimpleURLLoader*, std::unique_ptr<network::SimpleURLLoader>>"
chrome/browser/lifetime/browser_close_manager_browsertest.cc,TRUE,std::vector,1,335,"std::vector<raw_ptr<BrowserWindowInterface, VectorExperimental>>"
chrome/browser/loader/fetch_keepalive_process_manager.h,FALSE,absl::flat_hash_map,1,67,"absl::flat_hash_map<raw_ptr<Profile>, ProfileHold>"
chrome/browser/media/cast_remoting_connector.h,FALSE,std::set,1,218,"std::set<raw_ptr<RemotingBridge, SetExperimental>>"
chrome/browser/media/media_engagement_service.h,FALSE,base::flat_map,1,117,"base::flat_map<content::WebContents*, raw_ptr<MediaEngagementContentsObserver, CtnExperimental>>"
chrome/browser/media/router/discovery/mdns/dns_sd_registry_unittest.cc,TRUE,std::map,1,66,"std::map<std::string, raw_ptr<MockDnsSdDeviceLister, CtnExperimental>>"
chrome/browser/media/router/logger_list.h,FALSE,std::set,1,60,std::set<raw_ptr<LoggerImpl>>
chrome/browser/media/router/mojo/media_router_desktop.h,FALSE,std::vector,1,429,std::vector<raw_ptr<MediaRoutesObserver>>
chrome/browser/media/router/providers/cast/cast_activity_test_base.cc,TRUE,std::vector,0,49,std::vector<MockCastSessionClient*>
chrome/browser/media/router/providers/cast/cast_activity_test_base.h,TRUE,std::vector,0,71,std::vector<MockCastSessionClient*>
chrome/browser/media/webrtc/capture_handle_browsertest.cc,TRUE,std::vector,1,320,"std::vector<raw_ptr<WebContents, VectorExperimental>>"
chrome/browser/media/webrtc/media_stream_capture_indicator.h,FALSE,std::unordered_map,0,187,"std::unordered_map<content::WebContents*, std::unique_ptr<WebContentsDeviceUsage>>"
chrome/browser/media/webrtc/permission_bubble_media_access_handler.h,FALSE,std::map,0,103,"std::map<content::WebContents*, std::vector<DismissalRecord>>"
chrome/browser/media/webrtc/tab_desktop_media_list_browsertest.cc,TRUE,std::vector,1,289,"std::vector<raw_ptr<content::WebContents, VectorExperimental>>"
chrome/browser/media/webrtc/webrtc_desktop_capture_browsertest.cc,TRUE,std::map,0,205,"std::map<content::WebContents*, std::unique_ptr<InfoBarChangeObserver>>"
chrome/browser/media/webrtc/webrtc_event_log_manager.h,FALSE,base::flat_set,1,549,"base::flat_set<raw_ptr<content::RenderProcessHost, CtnExperimental>>"
chrome/browser/media/webrtc/webrtc_event_log_manager_unittest.cc,TRUE,std::map,0,1081,"std::map<const BrowserContext*, std::unique_ptr<BrowserContextAssociatedElements>>"
chrome/browser/media_galleries/gallery_watch_manager.h,FALSE,std::set,1,161,"std::set<raw_ptr<MediaGalleriesPreferences, SetExperimental>>"
chrome/browser/media_galleries/media_file_system_registry.cc,FALSE,std::set,1,80,"std::set<raw_ptr<ExtensionGalleriesHost, SetExperimental>>"
chrome/browser/media_galleries/media_file_system_registry_unittest.cc,TRUE,std::map,0,214,"std::map<content::BrowserContext*, std::unique_ptr<content::MockRenderProcessHost>>"
chrome/browser/metrics/desktop_session_duration/audible_contents_tracker.h,FALSE,std::set,1,76,"std::set<raw_ptr<content::WebContents, SetExperimental>>"
chrome/browser/metrics/power/process_monitor.h,FALSE,std::map,0,195,"std::map<content::RenderProcessHost*, ProcessInfo>"
chrome/browser/metrics/usage_scenario/tab_usage_scenario_tracker.h,FALSE,base::flat_set,1,89,"base::flat_set<raw_ptr<content::WebContents, CtnExperimental>>"
chrome/browser/metrics/usage_scenario/tab_usage_scenario_tracker.h,FALSE,base::flat_set,1,101,"base::flat_set<raw_ptr<content::WebContents, DanglingUntriaged>>"
chrome/browser/navigation_predictor/navigation_predictor_unittest.cc,TRUE,std::vector,1,317,"std::vector<raw_ptr<const ukm::mojom::UkmEntry, VectorExperimental>>"
chrome/browser/navigation_predictor/search_engine_preconnector.h,FALSE,std::unordered_set,1,88,"std::unordered_set<raw_ptr<content::WebContents, CtnExperimental>>"
chrome/browser/nearby_sharing/certificates/fake_nearby_share_certificate_manager.h,FALSE,std::vector,1,54,"std::vector<raw_ptr<FakeNearbyShareCertificateManager, VectorExperimental>>"
chrome/browser/nearby_sharing/certificates/fake_nearby_share_certificate_storage.h,FALSE,std::vector,1,55,"std::vector<raw_ptr<FakeNearbyShareCertificateStorage, VectorExperimental>>"
chrome/browser/nearby_sharing/client/fake_nearby_share_client.h,FALSE,std::vector,1,108,"std::vector<raw_ptr<FakeNearbyShareClient, VectorExperimental>>"
chrome/browser/nearby_sharing/contacts/fake_nearby_share_contact_downloader.h,FALSE,std::vector,1,54,"std::vector<raw_ptr<FakeNearbyShareContactDownloader, VectorExperimental>>"
chrome/browser/nearby_sharing/contacts/fake_nearby_share_contact_manager.h,FALSE,std::vector,1,60,"std::vector<raw_ptr<FakeNearbyShareContactManager, VectorExperimental>>"
chrome/browser/nearby_sharing/local_device_data/fake_nearby_share_device_data_updater.h,FALSE,std::vector,1,70,"std::vector<raw_ptr<FakeNearbyShareDeviceDataUpdater, VectorExperimental>>"
chrome/browser/nearby_sharing/local_device_data/fake_nearby_share_local_device_data_manager.h,FALSE,std::vector,1,52,"std::vector< raw_ptr<FakeNearbyShareLocalDeviceDataManager, VectorExperimental>>"
chrome/browser/net/network_context_configuration_browsertest.cc,TRUE,std::atomic,0,2047,std::atomic<base::RunLoop*>
chrome/browser/new_tab_page/modules/v2/tab_groups/tab_groups_page_handler_unittest.cc,TRUE,std::vector,0,360,std::vector<const tab_groups::SavedTabGroup*>
chrome/browser/notifications/persistent_notification_handler.h,FALSE,std::map,0,111,"std::map<Profile*, std::unique_ptr<ScopedProfileKeepAlive>>"
chrome/browser/notifications/persistent_notification_handler.h,FALSE,std::map,0,119,"std::map<Profile*, int>"
chrome/browser/notifications/scheduler/notification_schedule_service_browsertest.cc,TRUE,std::map,1,225,"std::map<SchedulerClientType, raw_ptr<TestClient, CtnExperimental>>"
chrome/browser/notifications/scheduler/public/client_overview.h,FALSE,std::vector,1,34,std::vector<raw_ptr<const NotificationEntry>>
chrome/browser/notifications/screen_capture_notification_blocker.h,FALSE,base::flat_set,1,104,"base::flat_set<raw_ptr<content::WebContents, CtnExperimental>>"
chrome/browser/on_device_translation/test/test_util.h,TRUE,base::AutoReset,0,105,base::AutoReset<ComponentManager*>
chrome/browser/on_device_translation/test/test_util.h,TRUE,base::AutoReset,0,145,base::AutoReset<TranslationManagerImpl*>
chrome/browser/optimization_guide/prediction/chrome_profile_download_service_tracker.h,FALSE,std::vector,1,49,std::vector<raw_ptr<Profile>>
chrome/browser/page_load_metrics/observers/core/amp_page_load_metrics_observer.h,FALSE,std::map,0,153,"std::map<content::RenderFrameHost*, SubFrameInfo>"
chrome/browser/page_load_metrics/observers/lcp_critical_path_predictor_page_load_metrics_observer_unittest.cc,TRUE,std::map,1,259,"std::map< GURL, raw_ptr<LcpCriticalPathPredictorPageLoadMetricsObserver, CtnExperimental>>"
chrome/browser/password_manager/chrome_password_manager_client.h,FALSE,base::flat_map,0,651,"base::flat_map<content::RenderFrameHost*, int64_t>"
chrome/browser/password_manager/chrome_webauthn_credentials_delegate_factory.h,FALSE,base::flat_map,0,54,"base::flat_map<content::RenderFrameHost*, std::unique_ptr<ChromeWebAuthnCredentialsDelegate>>"
chrome/browser/pdf/test_mime_handler_stream_manager.h,TRUE,base::flat_set,1,143,"base::flat_set<raw_ptr<MimeHandlerStreamManager, CtnExperimental>>"
chrome/browser/performance_manager/decorators/helpers/page_live_state_decorator_helper.cc,FALSE,absl::flat_hash_map,0,126,"absl::flat_hash_map<const TabModel*, std::unique_ptr<ActiveTabTracker>>"
chrome/browser/performance_manager/execution_context_priority/side_panel_loading_voter.h,FALSE,base::flat_set,1,61,base::flat_set<raw_ptr<const PageNode>>
chrome/browser/performance_manager/execution_context_priority/side_panel_loading_voter.h,FALSE,base::flat_set,1,64,base::flat_set<raw_ptr<const FrameNode>>
chrome/browser/performance_manager/policies/background_tab_loading_policy.h,FALSE,std::vector,1,229,"std::vector<raw_ptr<const PageNode, VectorExperimental>>"
chrome/browser/performance_manager/policies/background_tab_loading_policy.h,FALSE,std::map,0,234,"std::map<const PageNode*, bool>"
chrome/browser/performance_manager/policies/background_tab_loading_policy_unittest.cc,TRUE,std::map,0,73,"std::map<const PageNode*, std::vector<const PageNode*>>"
chrome/browser/performance_manager/policies/background_tab_loading_policy_unittest.cc,TRUE,std::map,1,96,"std::map<const PageNode*, raw_ptr<SiteDataReader, CtnExperimental>>"
chrome/browser/performance_manager/policies/memory_saver_mode_policy.h,FALSE,std::map,0,64,"std::map<const TabPageDecorator::TabHandle*, base::OneShotTimer>"
chrome/browser/performance_manager/policies/memory_saver_mode_policy_unittest.cc,TRUE,std::map,0,49,"std::map<const TabPageDecorator::TabHandle*, TabRevisitTracker::StateBundle>"
chrome/browser/performance_manager/policies/process_rank_policy_android.h,FALSE,std::map,0,129,"std::map<const PageNode*, std::unique_ptr<base::OneShotTimer>>"
chrome/browser/performance_manager/policies/transient_keep_alive_policy.h,FALSE,absl::flat_hash_set,0,113,absl::flat_hash_set<const ProcessNode*>
chrome/browser/performance_manager/policies/transient_keep_alive_policy.h,FALSE,base::flat_map,0,120,"base::flat_map<const ProcessNode*, std::unique_ptr<KeepAliveInfo>>"
chrome/browser/permissions/crowd_deny_fake_safe_browsing_database_manager.h,FALSE,std::set,1,51,"std::set<raw_ptr<Client, SetExperimental>>"
chrome/browser/permissions/prediction_service/prediction_service_factory.h,FALSE,std::optional,0,41,std::optional<permissions::PredictionService*>
chrome/browser/picture_in_picture/picture_in_picture_occlusion_tracker.h,FALSE,base::flat_map,0,179,"base::flat_map<views::Widget*, ObservedWidgetData>"
chrome/browser/plugins/chrome_plugin_service_filter.h,FALSE,std::map,0,92,"std::map<const void*, std::unique_ptr<ContextInfo>>"
chrome/browser/policy/cloud/extension_install_policy_service.h,FALSE,base::flat_map,0,144,"base::flat_map<CloudPolicyManager*, std::unique_ptr<ClientInitializationWaiter>>"
chrome/browser/policy/messaging_layer/util/reporting_server_connector.h,FALSE,std::vector,1,119,std::vector<raw_ptr<Observer>>
chrome/browser/policy/policy_value_and_status_aggregator.h,FALSE,std::vector,1,123,"std::vector<raw_ptr<PolicyValueProvider, VectorExperimental>>"
chrome/browser/policy/profile_policy_connector.h,FALSE,std::vector,1,223,"std::vector<raw_ptr<ConfigurationPolicyProvider, VectorExperimental>>"
chrome/browser/predictors/resource_prefetch_predictor.h,FALSE,std::set,1,329,std::set<raw_ptr<TestObserver>>
chrome/browser/printing/background_printing_manager.h,FALSE,std::map,0,76,"std::map<content::WebContents*, PrintingContents>"
chrome/browser/printing/print_browsertest.h,TRUE,std::map,0,195,"std::map<content::RenderFrameHost*, std::unique_ptr<TestPrintRenderFrame>>"
chrome/browser/printing/print_preview_dialog_controller_browsertest.cc,TRUE,std::vector,1,247,std::vector<raw_ptr<Browser>>
chrome/browser/profiles/profile.h,FALSE,std::optional,1,554,std::optional<raw_ptr<ThemeService>>
chrome/browser/profiles/profile.h,FALSE,std::optional,1,555,std::optional<raw_ptr<InstantService>>
chrome/browser/profiles/profile_destroyer_unittest.cc,TRUE,std::vector,1,106,std::vector<raw_ptr<TestingProfile>>
chrome/browser/profiles/profile_manager.h,FALSE,std::map,0,667,"std::map<Profile*, int>"
chrome/browser/profiles/profile_manager.h,FALSE,std::vector,1,670,"std::vector<raw_ptr<Profile, VectorExperimental>>"
chrome/browser/renderer_context_menu/read_write_card_observer.h,FALSE,std::vector,1,67,std::vector<raw_ptr<chromeos::ReadWriteCardController>>
chrome/browser/safe_browsing/application_advanced_protection_status_detector.h,FALSE,std::map,0,91,"std::map<Profile*, std::unique_ptr<ProfileAdvancedProtectionObserver>>"
chrome/browser/safe_browsing/chrome_password_protection_service.h,FALSE,std::set,1,622,"std::set<raw_ptr<content::WebContents, SetExperimental>>"
chrome/browser/safe_browsing/download_protection/deep_scanning_browsertest.cc,TRUE,base::flat_set,1,572,"base::flat_set<raw_ptr<download::DownloadItem, CtnExperimental>>"
chrome/browser/safe_browsing/download_protection/download_feedback_service_unittest.cc,TRUE,std::vector,1,108,"std::vector<raw_ptr<FakeDownloadFeedback, VectorExperimental>>"
chrome/browser/safe_browsing/download_protection/download_item_metadata.h,FALSE,std::unordered_map,1,66,"std::unordered_map<download::DownloadItem::Observer*, raw_ptr<DownloadScopedObservation>>"
chrome/browser/safe_browsing/download_protection/download_protection_observer.h,FALSE,base::flat_map,0,58,"base::flat_map<download::DownloadItem*, download::DownloadDangerType>"
chrome/browser/safe_browsing/download_protection/download_protection_service.h,FALSE,base::flat_map,0,401,"base::flat_map< content::BrowserContext*, base::flat_map<CheckClientDownloadRequestBase*, std::unique_ptr<CheckClientDownloadRequestBase>>>"
chrome/browser/safe_browsing/download_protection/download_protection_service_unittest.cc,TRUE,base::flat_map,0,414,"base::flat_map<Profile*, std::unique_ptr<network::TestURLLoaderFactory>>"
chrome/browser/safe_browsing/download_protection/download_protection_service_unittest.cc,TRUE,base::flat_map,0,416,"base::flat_map<Profile*, scoped_refptr<network::SharedURLLoaderFactory>>"
chrome/browser/safe_browsing/incident_reporting/environment_data_collection_win.cc,FALSE,std::array,0,38,"std::array<const wchar_t*, 3>"
chrome/browser/safe_browsing/incident_reporting/incident_reporting_service.h,FALSE,std::map,0,302,"std::map<Profile*, std::unique_ptr<ProfileContext>>"
chrome/browser/safe_browsing/incident_reporting/incident_reporting_service_unittest.cc,TRUE,base::AutoReset,0,138,base::AutoReset<TestIncidentReportingService*>
chrome/browser/safe_browsing/safe_browsing_navigation_observer_browsertest.cc,TRUE,std::vector,1,167,"std::vector<raw_ptr<DownloadItem, VectorExperimental>>"
chrome/browser/safe_browsing/safe_browsing_service.h,FALSE,std::map,0,421,"std::map<PrefService*, std::unique_ptr<PrefChangeRegistrar>>"
chrome/browser/safe_browsing/safe_browsing_service.h,FALSE,std::map,0,425,"std::map<PrefService*, std::unique_ptr<PrefChangeRegistrar>>"
chrome/browser/safe_browsing/safe_browsing_service.h,FALSE,std::map,0,429,"std::map<Profile*, std::optional<base::Time>>"
chrome/browser/safe_browsing/safe_browsing_service.h,FALSE,std::map,0,453,"std::map<Profile*, std::unique_ptr<SafeBrowsingPrefChangeHandler>>"
chrome/browser/safe_browsing/safe_browsing_service.h,FALSE,std::map,0,457,"std::map<Profile*, std::unique_ptr<SecuritySettingsBundlePrefChangeHandler>>"
chrome/browser/safe_browsing/telemetry/android/android_telemetry_service.h,FALSE,std::map,0,150,"std::map<download::DownloadItem*, ReferrerChainResult>"
chrome/browser/safe_browsing/telemetry/android/android_telemetry_service.h,FALSE,std::set,0,153,std::set<download::DownloadItem*>
chrome/browser/search_engine_choice/search_engine_choice_dialog_service.h,FALSE,base::flat_map,1,221,"base::flat_map<raw_ref<Browser>, base::OnceClosure>"
chrome/browser/segmentation_platform/ukm_data_manager_test_utils.h,TRUE,std::map,1,93,"std::map<proto::SegmentId, raw_ptr<MockDefaultModelProvider, CtnExperimental>>"
chrome/browser/segmentation_platform/ukm_database_client.h,FALSE,std::map,1,96,"std::map<raw_ptr<Profile>, raw_ptr<UkmDatabaseClient>>"
chrome/browser/sessions/exit_type_service.cc,FALSE,base::flat_set,1,121,"base::flat_set<raw_ptr<BrowserWindowInterface, CtnExperimental>>"
chrome/browser/sessions/session_restore_browsertest.cc,TRUE,std::vector,1,2471,"std::vector<raw_ptr<BrowserWindowInterface, VectorExperimental>>"
chrome/browser/sessions/session_restore_browsertest.cc,TRUE,std::vector,1,2629,"std::vector<raw_ptr<content::WebContents, VectorExperimental>>"
chrome/browser/sessions/session_restore_stats_collector.h,FALSE,std::map,0,153,"std::map<content::RenderWidgetHost*, bool>"
chrome/browser/sharing/sharing_handler_registry_impl.h,FALSE,std::map,1,68,"std::map<components_sharing_message::SharingMessage::PayloadCase, raw_ptr<SharingMessageHandler, CtnExperimental>>"
chrome/browser/signin/bound_session_credentials/unexportable_key_profile_garbage_collection_service_factory_mac_unittest.cc,TRUE,absl::flat_hash_map,0,81,"absl::flat_hash_map<std::string, MockUnexportableKeyService*>"
chrome/browser/signin/bound_session_credentials/unexportable_key_service_factory_unittest.cc,TRUE,absl::flat_hash_map,0,67,"absl::flat_hash_map<unexportable_keys::UnexportableKeyService*, crypto::UnexportableKeyProvider::Config>"
chrome/browser/signin/dice_response_handler_unittest.cc,TRUE,std::queue,1,116,std::queue<raw_ptr<GaiaAuthConsumer>>
chrome/browser/signin/dice_web_signin_interceptor_browsertest.cc,TRUE,absl::flat_hash_map,1,395,"absl::flat_hash_map<content::BrowserContext*, raw_ptr<FakeDiceWebSigninInterceptorDelegate>>"
chrome/browser/signin/dice_web_signin_interceptor_browsertest.cc,TRUE,absl::flat_hash_map,1,398,"absl::flat_hash_map<content::BrowserContext*, raw_ptr<signin::TestAccountPreviewDataService>>"
chrome/browser/signin/signin_ui_util_browsertest.cc,TRUE,base::AutoReset,0,240,base::AutoReset<SigninUiDelegate*>
chrome/browser/signin/signin_ui_util_extensions_browsertest.cc,TRUE,base::AutoReset,0,92,base::AutoReset<signin_ui_util::SigninUiDelegate*>
chrome/browser/site_isolation/site_details.h,FALSE,std::set,1,27,"std::set<raw_ptr<content::SiteInstance, SetExperimental>>"
chrome/browser/site_isolation/site_per_process_text_input_interactive_uitest.cc,TRUE,std::vector,1,269,"std::vector<raw_ptr<const content::RenderWidgetHostView, VectorExperimental>>"
chrome/browser/supervised_user/supervised_user_navigation_throttle_browsertest.cc,TRUE,std::map,1,100,"std::map<content::FrameTreeNodeId, raw_ptr<content::RenderFrameHost, CtnExperimental>>"
chrome/browser/sync/chrome_sync_controller_builder.h,FALSE,SafeOptional,1,195,SafeOptional<raw_ptr<themes::CrossDeviceThemeTracker<LocalThemeSpecifics>>>
chrome/browser/sync/chrome_sync_controller_builder.h,FALSE,SafeOptional,1,197,SafeOptional<raw_ptr<syncer::DataTypeStoreService>>
chrome/browser/sync/chrome_sync_controller_builder.h,FALSE,SafeOptional,1,198,SafeOptional<raw_ptr<SecurityEventRecorder>>
chrome/browser/sync/chrome_sync_controller_builder.h,FALSE,SafeOptional,1,201,SafeOptional<raw_ptr<ExtensionSyncService>>
chrome/browser/sync/chrome_sync_controller_builder.h,FALSE,SafeOptional,1,205,SafeOptional<raw_ptr<Profile>>
chrome/browser/sync/chrome_sync_controller_builder.h,FALSE,SafeOptional,1,209,SafeOptional<raw_ptr<ThemeService>>
chrome/browser/sync/chrome_sync_controller_builder.h,FALSE,SafeOptional,1,210,SafeOptional<raw_ptr<web_app::WebAppProvider>>
chrome/browser/sync/chrome_sync_controller_builder.h,FALSE,SafeOptional,1,214,SafeOptional<raw_ptr<SpellcheckService>>
chrome/browser/sync/chrome_sync_controller_builder.h,FALSE,SafeOptional,1,218,SafeOptional<raw_ptr<NtpAndroidCustomBackgroundService>>
chrome/browser/sync/chrome_sync_controller_builder.h,FALSE,SafeOptional,1,220,SafeOptional<raw_ptr<webapk::WebApkSyncService>>
chrome/browser/sync/chrome_sync_controller_builder.h,FALSE,SafeOptional,1,224,SafeOptional<raw_ptr<app_list::AppListSyncableService>>
chrome/browser/sync/chrome_sync_controller_builder.h,FALSE,SafeOptional,1,226,SafeOptional<raw_ptr<ash::printing::oauth2::AuthorizationZonesManager>>
chrome/browser/sync/chrome_sync_controller_builder.h,FALSE,SafeOptional,1,228,SafeOptional<raw_ptr<arc::ArcPackageSyncableService>>
chrome/browser/sync/chrome_sync_controller_builder.h,FALSE,SafeOptional,1,233,SafeOptional<raw_ptr<Profile>>
chrome/browser/sync/chrome_sync_controller_builder.h,FALSE,SafeOptional,1,234,SafeOptional<raw_ptr<desks_storage::DeskSyncService>>
chrome/browser/sync/chrome_sync_controller_builder.h,FALSE,SafeOptional,1,235,SafeOptional<raw_ptr<ash::floating_sso::FloatingSsoService>>
chrome/browser/sync/chrome_sync_controller_builder.h,FALSE,SafeOptional,1,237,SafeOptional<raw_ptr<sync_preferences::PrefServiceSyncable>>
chrome/browser/sync/chrome_sync_controller_builder.h,FALSE,SafeOptional,1,239,SafeOptional<raw_ptr<PrefService>>
chrome/browser/sync/chrome_sync_controller_builder.h,FALSE,SafeOptional,1,240,SafeOptional<raw_ptr<ash::SyncedPrintersManager>>
chrome/browser/sync/chrome_sync_controller_builder.h,FALSE,SafeOptional,1,241,SafeOptional<raw_ptr<ash::sync_wifi::WifiConfigurationSyncService>>
chrome/browser/sync/test/integration/apps_helper.h,FALSE,std::vector,1,158,"std::vector<raw_ptr<Profile, VectorExperimental>>"
chrome/browser/sync/test/integration/extension_settings_helper.h,FALSE,std::vector,1,53,"std::vector<raw_ptr<Profile, VectorExperimental>>"
chrome/browser/sync/test/integration/extensions_helper.h,FALSE,std::vector,1,111,"std::vector<raw_ptr<Profile, VectorExperimental>>"
chrome/browser/sync/test/integration/multi_client_status_change_checker.h,FALSE,std::vector,1,47,"std::vector<raw_ptr<syncer::SyncServiceImpl, VectorExperimental>>"
chrome/browser/sync/test/integration/sync_arc_package_helper.h,FALSE,std::unordered_map,0,79,"std::unordered_map<Profile*, std::unique_ptr<FakeAppInstance>>"
chrome/browser/sync/test/integration/sync_test.h,TRUE,std::vector,1,415,"std::vector<raw_ptr<Profile, AcrossTasksDanglingUntriaged>>"
chrome/browser/sync/test/integration/sync_test.h,TRUE,std::vector,1,426,"std::vector<raw_ptr<Browser, AcrossTasksDanglingUntriaged>>"
chrome/browser/sync/test/integration/sync_test.h,TRUE,std::map,1,439,"std::map<raw_ptr<Profile, AcrossTasksDanglingUntriaged>, raw_ptr<FakeSyncGCMDriver, AcrossTasksDanglingUntriaged>>"
chrome/browser/sync/test/integration/two_client_contact_info_sync_test.cc,TRUE,std::vector,1,82,"std::vector<raw_ptr<PersonalDataManager, VectorExperimental>>"
chrome/browser/sync/test/integration/two_client_skills_sync_test.cc,TRUE,std::vector,1,108,std::vector<raw_ptr<skills::SkillsService>>
chrome/browser/sync/test/integration/web_apps/two_client_web_apps_generated_icon_fix_test.cc,TRUE,base::flat_map,1,196,"base::flat_map<raw_ptr<Profile>, raw_ptr<FakeWebAppProvider>>"
chrome/browser/sync_file_system/drive_backend/drive_backend_sync_unittest.cc,TRUE,std::map,1,603,"std::map<std::string, raw_ptr<CannedSyncableFileSystem, CtnExperimental>>"
chrome/browser/sync_file_system/local/local_file_sync_context.h,FALSE,std::set,1,351,"std::set<raw_ptr<storage::FileSystemContext, SetExperimental>>"
chrome/browser/sync_file_system/local/local_file_sync_context.h,FALSE,std::map,0,355,"std::map<storage::FileSystemContext*, StatusCallbackQueue>"
chrome/browser/tab_contents/web_contents_collection.h,FALSE,base::flat_map,0,61,"base::flat_map<content::WebContents*, std::unique_ptr<ForwardingWebContentsObserver>>"
chrome/browser/task_manager/mock_web_contents_task_manager.h,FALSE,std::vector,1,74,"std::vector<raw_ptr<Task, VectorExperimental>>"
chrome/browser/task_manager/providers/child_process_task_provider.h,FALSE,base::flat_map,1,69,"base::flat_map<int, raw_ptr<ChildProcessTask, CtnExperimental>>"
chrome/browser/task_manager/providers/child_process_task_unittest.cc,TRUE,std::map,1,74,"std::map<base::ProcessHandle, raw_ptr<Task, CtnExperimental>>"
chrome/browser/task_manager/providers/fallback_task_provider.h,FALSE,std::vector,1,68,"std::vector<raw_ptr<Task, VectorExperimental>>"
chrome/browser/task_manager/providers/fallback_task_provider.h,FALSE,std::map,0,72,"std::map<Task*, base::WeakPtrFactory<FallbackTaskProvider>>"
chrome/browser/task_manager/providers/fallback_task_provider.h,FALSE,std::vector,1,104,"std::vector<raw_ptr<Task, VectorExperimental>>"
chrome/browser/task_manager/providers/fallback_task_provider_unittest.cc,TRUE,std::vector,1,77,"std::vector<raw_ptr<Task, VectorExperimental>>"
chrome/browser/task_manager/providers/fallback_task_provider_unittest.cc,TRUE,std::vector,1,188,"std::vector<raw_ptr<Task, VectorExperimental>>"
chrome/browser/task_manager/providers/spare_render_process_host_task_unittest.cc,TRUE,std::set,1,69,std::set<raw_ptr<Task>>
chrome/browser/task_manager/providers/web_contents/web_contents_tags_manager.h,FALSE,std::vector,1,63,"std::vector<raw_ptr<WebContentsTag, VectorExperimental>>"
chrome/browser/task_manager/providers/web_contents/web_contents_task_provider.cc,FALSE,base::flat_set,1,131,"base::flat_set<raw_ptr<RenderFrameHost, CtnExperimental>>"
chrome/browser/task_manager/providers/web_contents/web_contents_task_provider.cc,FALSE,base::flat_map,0,134,"base::flat_map<SiteInstance*, SiteInstanceInfo>"
chrome/browser/task_manager/providers/web_contents/web_contents_task_provider.h,FALSE,std::map,0,61,"std::map<content::WebContents*, std::unique_ptr<WebContentsEntry>>"
chrome/browser/task_manager/providers/worker_task_provider.h,FALSE,base::flat_map,0,72,"base::flat_map<Profile*, std::unique_ptr<PerProfileWorkerTaskTracker>>"
chrome/browser/task_manager/providers/worker_task_provider_browsertest.cc,TRUE,std::vector,1,160,"std::vector<raw_ptr<Task, VectorExperimental>>"
chrome/browser/task_manager/sampling/task_group.h,FALSE,std::vector,1,195,"std::vector<raw_ptr<Task, VectorExperimental>>"
chrome/browser/task_manager/sampling/task_manager_impl.h,FALSE,base::flat_map,1,167,"base::flat_map<TaskId, raw_ptr<TaskGroup, CtnExperimental>>"
chrome/browser/transition_manager/full_browser_transition_manager.h,FALSE,std::map,1,54,"std::map<SimpleFactoryKey*, raw_ptr<Profile, CtnExperimental>>"
chrome/browser/transition_manager/full_browser_transition_manager.h,FALSE,std::map,0,56,"std::map<SimpleFactoryKey*, std::vector<OnProfileCreationCallback>>"
chrome/browser/translate/translate_frame_binder_browsertest.cc,TRUE,std::map,0,80,"std::map<content::RenderFrameHost*, bool>"
chrome/browser/translate/translate_manager_render_view_host_android_unittest.cc,TRUE,std::set,1,103,"std::set<raw_ptr<infobars::InfoBarDelegate, SetExperimental>>"
chrome/browser/ui/android/tab_model/android_live_tab_context_wrapper.h,FALSE,std::vector,0,93,std::vector<TabAndroid*>
chrome/browser/ui/android/tab_model/tab_model_test_helper.h,TRUE,std::vector,1,155,std::vector<raw_ptr<content::WebContents>>
chrome/browser/ui/ash/birch/birch_keyed_service_unittest.cc,TRUE,std::vector,1,211,"std::vector<raw_ptr<const sync_sessions::SyncedSession, VectorExperimental>>"
chrome/browser/ui/ash/cast_config/cast_config_controller_media_router.cc,FALSE,std::optional,0,37,std::optional<media_router::MediaRouter*>
chrome/browser/ui/ash/editor_menu/utils/pre_target_handler_unittest.cc,TRUE,std::vector,0,129,std::vector<views::View*>
chrome/browser/ui/ash/global_media_controls/cast_media_notification_producer_keyed_service.h,FALSE,std::map,1,52,"std::map<raw_ptr<global_media_controls::MediaItemManager>, std::unique_ptr<CastMediaNotificationProducer>>"
chrome/browser/ui/ash/holding_space/holding_space_keyed_service_unittest.cc,TRUE,std::map,1,723,"std::map<Profile*, raw_ptr<testing::NiceMock<MockDownloadManager>, CtnExperimental>>"
chrome/browser/ui/ash/input_method/candidate_window_view.h,FALSE,std::vector,1,110,"std::vector<raw_ptr<CandidateView, VectorExperimental>>"
chrome/browser/ui/ash/input_method/grammar_suggestion_window.h,FALSE,base::flat_map,0,57,"base::flat_map<views::View*, base::CallbackListSubscription>"
chrome/browser/ui/ash/input_method/infolist_window.h,FALSE,std::vector,1,54,"std::vector<raw_ptr<InfolistEntryView, VectorExperimental>>"
chrome/browser/ui/ash/input_method/suggestion_window_view.h,FALSE,base::flat_map,0,131,"base::flat_map<views::View*, base::CallbackListSubscription>"
chrome/browser/ui/ash/keyboard/chrome_keyboard_bounds_observer.h,FALSE,std::set,1,56,"std::set<raw_ptr<views::Widget, SetExperimental>>"
chrome/browser/ui/ash/media_client/media_client_impl.h,FALSE,base::flat_map,1,165,"base::flat_map<content::BrowserContext*, raw_ptr<ui::MediaKeysListener::Delegate, CtnExperimental>>"
chrome/browser/ui/ash/projector/projector_client_impl_browsertest.cc,TRUE,std::map,0,179,"std::map<Profile*, std::unique_ptr<drive::FakeDriveFsHelper>>"
chrome/browser/ui/ash/projector/screencast_manager_browsertest.cc,TRUE,std::map,0,212,"std::map<Profile*, std::unique_ptr<drive::FakeDriveFsHelper>>"
chrome/browser/ui/ash/sharesheet/sharesheet_header_view.cc,FALSE,std::vector,1,238,"std::vector<raw_ptr<RoundedImageView, VectorExperimental>>"
chrome/browser/ui/ash/shelf/app_service/app_service_app_window_arc_tracker.h,FALSE,std::set,1,171,"std::set<raw_ptr<aura::Window, SetExperimental>>"
chrome/browser/ui/ash/shelf/app_service/app_service_app_window_crostini_tracker.h,FALSE,base::flat_set,1,66,"base::flat_set<raw_ptr<aura::Window, CtnExperimental>>"
chrome/browser/ui/ash/shelf/app_service/app_service_instance_registry_helper.h,FALSE,std::map,0,144,"std::map<aura::Window*, std::set<raw_ptr<aura::Window, SetExperimental>>>"
chrome/browser/ui/ash/shelf/app_service/app_service_instance_registry_helper.h,FALSE,std::map,1,148,"std::map<aura::Window*, raw_ptr<aura::Window, CtnExperimental>>"
chrome/browser/ui/ash/shelf/app_shortcut_shelf_item_controller.h,FALSE,std::vector,1,119,"std::vector<raw_ptr<content::WebContents, VectorExperimental>>"
chrome/browser/ui/ash/shelf/app_shortcut_shelf_item_controller.h,FALSE,std::vector,1,121,"std::vector<raw_ptr<ash::BrowserDelegate, VectorExperimental>>"
chrome/browser/ui/ash/shelf/browser_shortcut_shelf_item_controller.cc,FALSE,std::vector,1,91,std::vector<raw_ptr<ash::BrowserDelegate>>
chrome/browser/ui/ash/shelf/browser_status_monitor.h,FALSE,std::map,1,112,"std::map<raw_ptr<BrowserWindowInterface>, std::string>"
chrome/browser/ui/ash/shelf/browser_status_monitor.h,FALSE,std::map,0,113,"std::map<content::WebContents*, std::unique_ptr<LocalWebContentsObserver>>"
chrome/browser/ui/ash/shelf/browser_status_monitor.h,FALSE,std::set,1,126,"std::set<raw_ptr<BrowserWindowInterface, SetExperimental>>"
chrome/browser/ui/ash/shelf/browser_status_monitor.h,FALSE,std::set,1,129,std::set<raw_ptr<content::WebContents>>
chrome/browser/ui/ash/shelf/chrome_shelf_controller.h,FALSE,std::map,0,444,"std::map<Profile*, std::vector<std::unique_ptr<AppIconLoader>>>"
chrome/browser/ui/ash/shelf/chrome_shelf_controller.h,FALSE,std::map,0,456,"std::map<Profile*, std::vector<std::unique_ptr<ShelfAppUpdater>>>"
chrome/browser/ui/ash/wm/tab_cluster_ui_client.h,FALSE,std::map,1,49,"std::map<content::WebContents*, raw_ptr<ash::TabClusterUIItem, CtnExperimental>>"
chrome/browser/ui/bookmarks/bookmark_context_menu_controller.h,FALSE,std::vector,1,143,"std::vector<raw_ptr<const bookmarks::BookmarkNode, VectorExperimental>>"
chrome/browser/ui/bookmarks/bookmark_drag_drop.h,FALSE,std::vector,1,54,"std::vector<raw_ptr<const bookmarks::BookmarkNode, VectorExperimental>>"
chrome/browser/ui/bookmarks/bookmark_editor.h,FALSE,base::flat_set,1,127,"base::flat_set<raw_ptr<const bookmarks::BookmarkNode, VectorExperimental>>"
chrome/browser/ui/browser_close_browsertest.cc,TRUE,std::map,0,93,"std::map<Profile*, MockDownloadCoreService*>"
chrome/browser/ui/browser_close_browsertest.cc,TRUE,std::map,0,94,"std::map<Profile*, std::unique_ptr<ChromeDownloadManagerDelegate>>"
chrome/browser/ui/browser_manager_service.h,FALSE,std::vector,1,93,std::vector<raw_ptr<BrowserWindowInterface>>
chrome/browser/ui/browser_window/internal/android/android_browser_window_enumerator.h,FALSE,std::vector,0,50,std::vector<BrowserWindowInterface*>
chrome/browser/ui/browser_window/internal/global_browser_collection_interactive_ui_test.cc,TRUE,std::vector,1,299,std::vector<raw_ptr<BrowserWindowInterface>>
chrome/browser/ui/browser_window/internal/profile_browser_collection_browsertest.cc,TRUE,std::vector,1,138,std::vector<raw_ptr<BrowserWindowInterface>>
chrome/browser/ui/browser_window/public/global_browser_collection.h,FALSE,std::vector,1,73,std::vector<raw_ptr<BrowserWindowInterface>>
chrome/browser/ui/browser_window/public/global_browser_collection.h,FALSE,std::vector,1,77,std::vector<raw_ptr<BrowserWindowInterface>>
chrome/browser/ui/cocoa/applescript/bookmark_folder_applescript.h,FALSE,NSArray,0,23,NSArray<BookmarkItemAppleScript*>
chrome/browser/ui/cocoa/applescript/browsercrapplication+applescript.h,FALSE,NSArray,0,48,NSArray<BookmarkFolderAppleScript*>
chrome/browser/ui/cocoa/applescript/window_applescript.h,FALSE,NSArray,0,46,NSArray<TabAppleScript*>
chrome/browser/ui/cocoa/bookmarks/bookmark_menu_bridge.h,FALSE,std::map,0,175,"std::map<const bookmarks::BookmarkNode*, NSMenuItem*>"
chrome/browser/ui/cocoa/history_menu_bridge.h,FALSE,std::vector,0,112,std::vector<HistoryItem*>
chrome/browser/ui/cocoa/history_menu_bridge.h,FALSE,std::map,0,300,"std::map<NSMenuItem*, std::unique_ptr<HistoryItem>>"
chrome/browser/ui/cocoa/tab_group_menu_bridge.h,FALSE,std::map,0,89,"std::map<NSMenuItem*, TabGroupMenuAction>"
chrome/browser/ui/cocoa/tab_menu_bridge.h,FALSE,std::map,1,94,"std::map<NSMenuItem*, raw_ptr<tabs::TabInterface>>"
chrome/browser/ui/cocoa/tab_menu_bridge.h,FALSE,std::map,1,97,"std::map<raw_ptr<tabs::TabInterface>, NSMenuItem*>"
chrome/browser/ui/exclusive_access/exclusive_access_manager.h,FALSE,base::flat_set,1,129,base::flat_set<raw_ptr<ExclusiveAccessControllerBase>>
chrome/browser/ui/global_error/global_error_service.h,FALSE,std::map,0,83,"std::map<GlobalError*, std::unique_ptr<GlobalError>>"
chrome/browser/ui/media_router/media_route_starter_unittest.cc,TRUE,std::vector,1,427,"std::vector<raw_ptr<MediaSinksObserver, VectorExperimental>>"
chrome/browser/ui/media_router/media_router_ui_unittest.cc,TRUE,std::vector,1,264,"std::vector<raw_ptr<MediaSinksObserver, VectorExperimental>>"
chrome/browser/ui/navigator/browser_navigator.cc,FALSE,raw_ptr,0,569,raw_ptr<content::WebContents*>
chrome/browser/ui/page_action/test_support/mock_page_action_model.h,FALSE,std::map,0,221,"std::map<actions::ActionId, PageActionModelType*>"
chrome/browser/ui/prefs/pref_watcher.h,FALSE,std::set,1,54,"std::set<raw_ptr<PrefsTabHelper, SetExperimental>>"
chrome/browser/ui/safety_hub/abusive_notification_permissions_manager.h,FALSE,std::map,0,358,"std::map<SafeBrowsingCheckClient*, std::unique_ptr<SafeBrowsingCheckClient>>"
chrome/browser/ui/search_engines/keyword_editor_controller.h,FALSE,absl::flat_hash_map,0,107,"absl::flat_hash_map<TemplateURLID, TemplateURL*>"
chrome/browser/ui/search_engines/template_url_table_model.h,FALSE,std::vector,1,57,"std::vector<raw_ptr<TemplateURL, VectorExperimental>>"
chrome/browser/ui/side_panel/side_panel_content_proxy.h,FALSE,ui::ClassProperty,0,35,ui::ClassProperty<SidePanelContentProxy*>
chrome/browser/ui/side_panel/side_panel_entry.h,FALSE,ui::ClassProperty,0,212,ui::ClassProperty<std::u16string*>
chrome/browser/ui/side_panel/side_panel_registry.h,FALSE,std::optional,0,85,std::optional<SidePanelEntry*>
chrome/browser/ui/side_panel/side_panel_registry.h,FALSE,std::variant,1,89,"std::variant<raw_ptr<tabs::TabInterface>, raw_ptr<BrowserWindowInterface>>"
chrome/browser/ui/startup/bad_flags_prompt.cc,FALSE,std::variant,0,223,"std::variant<const base::Feature*, const char*>"
chrome/browser/ui/startup/default_browser_prompt/default_browser_bubble_dialog_manager.h,FALSE,std::map,1,50,"std::map<raw_ptr<BrowserWindowInterface>, std::unique_ptr<views::Widget>>"
chrome/browser/ui/startup/default_browser_prompt/default_browser_infobar_manager.h,FALSE,std::map,1,107,"std::map<content::WebContents*, raw_ptr<infobars::InfoBar, CtnExperimental>>"
chrome/browser/ui/startup/default_browser_prompt/default_browser_modal_dialog_manager.h,FALSE,std::map,0,57,"std::map<BrowserWindowInterface*, std::unique_ptr<views::Widget>>"
chrome/browser/ui/startup/profile_launch_observer.h,FALSE,std::set,1,69,"std::set<raw_ptr<Profile, SetExperimental>>"
chrome/browser/ui/startup/profile_launch_observer.h,FALSE,std::set,1,74,"std::set<raw_ptr<Profile, SetExperimental>>"
chrome/browser/ui/startup/startup_launch_infobar_manager_impl.h,FALSE,std::map,1,96,"std::map<raw_ptr<content::WebContents>, raw_ptr<infobars::InfoBar>>"
chrome/browser/ui/startup/web_app_info_recorder_utils.cc,FALSE,std::vector,1,84,"std::vector<raw_ptr<Profile, VectorExperimental>>"
chrome/browser/ui/tab_contents/tab_contents_iterator_unittest.cc,TRUE,std::vector,1,163,std::vector<raw_ptr<BrowserWindowInterface>>
chrome/browser/ui/tabs/tab_group_data.h,FALSE,std::unordered_map,0,92,"std::unordered_map<TabInterface*, std::unique_ptr<TabDataObserver>>"
chrome/browser/ui/tabs/tab_group_model.h,FALSE,std::map,1,71,"std::map<tab_groups::TabGroupId, raw_ptr<TabGroup>>"
chrome/browser/ui/tabs/tab_strip_model_observer.h,FALSE,std::set,1,631,"std::set<raw_ptr<TabStripModel, SetExperimental>>"
chrome/browser/ui/tabs/tab_strip_model_selection_state.h,FALSE,std::unordered_set,1,118,std::unordered_set<raw_ptr<TabInterface>>
chrome/browser/ui/tabs/tab_strip_model_stats_recorder.h,FALSE,std::vector,1,71,"std::vector<raw_ptr<content::WebContents, VectorExperimental>>"
chrome/browser/ui/test/test_app_window_icon_observer.h,TRUE,std::vector,1,61,"std::vector<raw_ptr<aura::Window, VectorExperimental>>"
chrome/browser/ui/test/test_app_window_icon_observer.h,TRUE,std::map,0,62,"std::map<aura::Window*, std::array<uint8_t, crypto::hash::kSha256Size>>"
chrome/browser/ui/thumbnails/thumbnail_image.h,FALSE,std::vector,1,218,std::vector<raw_ptr<Subscription>>
chrome/browser/ui/thumbnails/thumbnail_scheduler_impl.h,FALSE,std::map,0,60,"std::map<TabCapturer*, TabNode>"
chrome/browser/ui/thumbnails/thumbnail_tracker.h,FALSE,base::flat_map,0,63,"base::flat_map<content::WebContents*, std::unique_ptr<ContentsData>>"
chrome/browser/ui/thumbnails/thumbnail_tracker_unittest.cc,TRUE,std::map,0,88,"std::map<content::WebContents*, ThumbnailData>"
chrome/browser/ui/views/app_menu/action_app_menu.h,FALSE,base::flat_map,1,63,"base::flat_map<int, raw_ptr<actions::ActionItem>>"
chrome/browser/ui/views/autofill/address_editor_view.h,FALSE,std::unordered_map,0,99,"std::unordered_map<views::Textfield*, const EditorField>"
chrome/browser/ui/views/autofill/payments/filled_card_information_bubble_views.h,FALSE,std::map,1,88,"std::map<FilledCardInformationBubbleField, raw_ptr<views::MdTextButton, CtnExperimental>>"
chrome/browser/ui/views/autofill/save_address_profile_view.h,FALSE,std::vector,1,67,"std::vector<raw_ptr<views::ImageView, VectorExperimental>>"
chrome/browser/ui/views/bookmarks/bookmark_bar_view.h,FALSE,std::map,1,511,"std::map<raw_ptr<const views::LabelButton>, base::CallbackListSubscription>"
chrome/browser/ui/views/bookmarks/bookmark_editor_view_browsertest.cc,TRUE,std::vector,1,131,"std::vector<raw_ptr<const bookmarks::BookmarkNode, VectorExperimental>>"
chrome/browser/ui/views/bookmarks/bookmark_menu_delegate.h,FALSE,std::variant,1,204,"std::variant<BookmarkParentFolder, raw_ptr<const bookmarks::BookmarkNode>>"
chrome/browser/ui/views/bruschetta/bruschetta_installer_view.h,FALSE,base::flat_map,1,136,"base::flat_map<std::string, raw_ptr<views::RadioButton, DanglingUntriaged>>"
chrome/browser/ui/views/chrome_views_delegate.h,FALSE,std::map,0,103,"std::map<Profile*, std::unique_ptr<ScopedProfileKeepAlive>>"
chrome/browser/ui/views/controls/rich_hover_button.h,FALSE,std::vector,1,153,std::vector<raw_ptr<views::View>>
chrome/browser/ui/views/controls/rich_hover_button.h,FALSE,std::vector,1,154,std::vector<raw_ptr<views::View>>
chrome/browser/ui/views/desktop_capture/desktop_media_picker_views_unittest.cc,TRUE,std::map,1,269,"std::map<DesktopMediaList::Type, raw_ptr<FakeDesktopMediaList, CtnExperimental>>"
chrome/browser/ui/views/download/bubble/download_bubble_row_list_view.h,FALSE,std::map,1,72,"std::map<offline_items_collection::ContentId, raw_ptr<DownloadBubbleRowView, CtnExperimental>>"
chrome/browser/ui/views/download/bubble/download_bubble_row_view.h,FALSE,base::flat_map,1,194,"base::flat_map<DownloadCommands::Command, raw_ptr<views::MdTextButton>>"
chrome/browser/ui/views/download/bubble/download_bubble_row_view.h,FALSE,base::flat_map,1,198,"base::flat_map<DownloadCommands::Command, raw_ptr<views::ImageButton>>"
chrome/browser/ui/views/download/bubble/download_bubble_security_view.cc,FALSE,std::vector,1,182,"std::vector<raw_ptr<views::StyledLabel, VectorExperimental>>"
chrome/browser/ui/views/extensions/extensions_menu_view.h,FALSE,base::flat_set,1,169,"base::flat_set<raw_ptr<ExtensionMenuItemView, CtnExperimental>>"
chrome/browser/ui/views/frame/dbus_appmenu.cc,FALSE,std::vector,1,207,"std::vector<raw_ptr<HistoryItem, VectorExperimental>>"
chrome/browser/ui/views/frame/dbus_appmenu_registrar.h,FALSE,std::map,0,80,"std::map<DbusAppmenu*, MenuState>"
chrome/browser/ui/views/frame/glass_frame_service.h,FALSE,std::map,0,94,"std::map<BrowserWindowInterface*, base::RepeatingCallbackList<void(bool)>>"
chrome/browser/ui/views/frame/glass_frame_service.h,FALSE,std::map,0,96,"std::map<BrowserWindowInterface*, base::CallbackListSubscription>"
chrome/browser/ui/views/frame/glass_frame_service.h,FALSE,base::flat_set,0,99,base::flat_set<BrowserWindowInterface*>
chrome/browser/ui/views/frame/layout/browser_view_layout_impl.h,FALSE,std::map,1,64,"std::map<raw_ptr<views::View, CtnExperimental>, ProposedLayout>"
chrome/browser/ui/views/frame/layout/browser_view_tabbed_layout_impl_interactive_uitest.cc,TRUE,std::map,1,820,"std::map<raw_ptr<const views::WebView>, ResizeData>"
chrome/browser/ui/views/frame/multi_contents_view.h,FALSE,std::vector,1,297,"std::vector<raw_ptr<ContentsContainerView, DanglingUntriaged>>"
chrome/browser/ui/views/frame/multi_contents_view.h,FALSE,base::flat_map,0,358,"base::flat_map<ContentsContainerView*, FocusableViewMap>"
chrome/browser/ui/views/frame/picture_in_picture_browser_frame_view.h,FALSE,std::vector,1,265,"std::vector<raw_ptr<ContentSettingImageView, VectorExperimental>>"
chrome/browser/ui/views/frame/picture_in_picture_browser_frame_view_interactive_uitest.cc,TRUE,std::vector,1,136,std::vector<raw_ptr<gfx::Animation>>
chrome/browser/ui/views/frame/top_controls_slide_controller_chromeos.h,FALSE,base::flat_map,0,190,"base::flat_map<content::WebContents*, std::unique_ptr<TopControlsSlideTabObserver>>"
chrome/browser/ui/views/frame/vertical_tab_strip_region_view.h,FALSE,base::flat_set,1,294,base::flat_set<raw_ptr<VerticalTabStripExpandOnHoverLock>>
chrome/browser/ui/views/global_media_controls/media_dialog_view.h,FALSE,std::map,1,176,"std::map< const std::string, raw_ptr<global_media_controls::MediaItemUIUpdatedView, CtnExperimental>>"
chrome/browser/ui/views/global_media_controls/media_item_ui_device_selector_view.h,FALSE,std::map,1,141,"std::map<int, raw_ptr<DeviceEntryUI, CtnExperimental>>"
chrome/browser/ui/views/indigo/indigo_toolbar.h,FALSE,ui::ClassProperty,0,31,ui::ClassProperty<gfx::Rect*>
chrome/browser/ui/views/indigo/indigo_toolbar.h,FALSE,ui::ClassProperty,0,32,ui::ClassProperty<gfx::Vector2d*>
chrome/browser/ui/views/media_preview/active_devices_media_coordinator.h,FALSE,base::flat_map,1,67,"base::flat_map<std::string, raw_ptr<views::Separator>>"
chrome/browser/ui/views/media_router/cast_dialog_view.h,FALSE,std::vector,1,173,"std::vector<raw_ptr<CastDialogSinkView, DanglingUntriaged>>"
chrome/browser/ui/views/omnibox/omnibox_context_menu.h,FALSE,base::flat_map,1,80,"base::flat_map<raw_ptr<views::View>, std::unique_ptr<views::ViewShadow>>"
chrome/browser/ui/views/omnibox/omnibox_mouse_enter_exit_handler.h,FALSE,std::vector,1,48,"std::vector<raw_ptr<views::View, VectorExperimental>>"
chrome/browser/ui/views/omnibox/omnibox_popup_view_views.h,FALSE,std::vector,1,206,std::vector<raw_ptr<OmniboxRowView>>
chrome/browser/ui/views/omnibox/omnibox_suggestion_button_row_view.h,FALSE,std::vector,1,76,std::vector<raw_ptr<OmniboxSuggestionRowButton>>
chrome/browser/ui/views/overlay/overlay_controls_fade_animation.h,FALSE,std::vector,1,43,std::vector<raw_ptr<views::View>>
chrome/browser/ui/views/page_action/page_action_container_view.h,FALSE,std::map,1,57,"std::map<actions::ActionId, raw_ptr<PageActionView>>"
chrome/browser/ui/views/page_info/page_info_main_view.h,FALSE,std::vector,1,207,"std::vector<raw_ptr<PermissionToggleRowView, VectorExperimental>>"
chrome/browser/ui/views/page_info/page_info_main_view.h,FALSE,std::map,1,213,"std::map<ContentSettingsType, raw_ptr<PermissionToggleRowView>>"
chrome/browser/ui/views/page_info/page_info_main_view.h,FALSE,std::vector,1,216,"std::vector<raw_ptr<ChosenObjectView, VectorExperimental>>"
chrome/browser/ui/views/page_info/star_rating_view.h,FALSE,std::vector,1,41,"std::vector<raw_ptr<NonAccessibleImageView, VectorExperimental>>"
chrome/browser/ui/views/passwords/password_change/password_change_toast.h,FALSE,std::optional,1,58,std::optional<raw_ref<const gfx::VectorIcon>>
chrome/browser/ui/views/passwords/password_change/password_change_toast.h,FALSE,std::optional,1,87,std::optional<raw_ref<const gfx::VectorIcon>>
chrome/browser/ui/views/payments/view_stack.h,FALSE,std::vector,1,88,"std::vector<raw_ptr<views::View, VectorExperimental>>"
chrome/browser/ui/views/permissions/chip/chip_controller.h,FALSE,std::optional,0,284,std::optional<permissions::PermissionRequestManager*>
chrome/browser/ui/views/permissions/chip/multi_image_container.h,FALSE,std::vector,1,48,std::vector<raw_ptr<views::ImageView>>
chrome/browser/ui/views/permissions/chip/permission_chip_browsertest.cc,TRUE,std::vector,1,227,"std::vector<raw_ptr<permissions::PermissionRequest, VectorExperimental>>"
chrome/browser/ui/views/permissions/permission_prompt_bubble_one_origin_view_unittest.cc,TRUE,std::vector,1,136,"std::vector<raw_ptr<permissions::PermissionRequest, VectorExperimental>>"
chrome/browser/ui/views/permissions/permission_prompt_bubble_two_origins_view_browsertest.cc,TRUE,std::vector,1,110,"std::vector<raw_ptr<permissions::PermissionRequest, VectorExperimental>>"
chrome/browser/ui/views/picture_in_picture/document_pip_frame_view.h,FALSE,std::vector,1,235,"std::vector<raw_ptr<ContentSettingImageView, VectorExperimental>>"
chrome/browser/ui/views/picture_in_picture/pip_child_dialog_observer_helper.h,FALSE,base::flat_set,1,161,"base::flat_set<raw_ptr<views::Widget, CtnExperimental>>"
chrome/browser/ui/views/picture_in_picture/pip_child_dialog_observer_helper.h,FALSE,base::flat_set,1,176,base::flat_set<raw_ptr<views::Widget>>
chrome/browser/ui/views/picture_in_picture/pip_child_dialog_observer_helper.h,FALSE,base::flat_map,1,179,"base::flat_map<raw_ptr<views::Widget>, gfx::Size>"
chrome/browser/ui/views/picture_in_picture/pip_top_bar_animation_controller.h,FALSE,std::vector,1,113,"std::vector<raw_ptr<ContentSettingImageView, VectorExperimental>>"
chrome/browser/ui/views/profiles/avatar_toolbar_button_browsertest.cc,TRUE,base::AutoReset,0,2329,base::AutoReset<signin_ui_util::SigninUiDelegate*>
chrome/browser/ui/views/profiles/avatar_toolbar_button_state_manager.h,FALSE,std::vector,1,396,std::vector<raw_ref<Observer>>
chrome/browser/ui/views/profiles/profile_menu_view_browsertest.cc,TRUE,base::AutoReset,0,3096,base::AutoReset<signin_ui_util::SigninUiDelegate*>
chrome/browser/ui/views/profiles/profile_picker_view_browsertest.cc,TRUE,std::set,0,432,std::set<BrowserWindowInterface*>
chrome/browser/ui/views/sad_tab_view.h,FALSE,std::vector,1,78,"std::vector<raw_ptr<views::Label, VectorExperimental>>"
chrome/browser/ui/views/save_to_drive/account_chooser_radio_group_view.h,FALSE,std::map,0,86,"std::map<AccountInfo, AccountChooserRadioButtonRow*, AccountInfoCmp>"
chrome/browser/ui/views/session_restore_infobar/session_restore_infobar_manager.h,FALSE,std::map,0,111,"std::map<content::WebContents*, infobars::InfoBar*>"
chrome/browser/ui/views/side_panel/side_panel_coordinator_browsertest.cc,TRUE,std::vector,1,301,"std::vector<raw_ptr<SidePanelRegistry, DanglingUntriaged>>"
chrome/browser/ui/views/tab_sharing/tab_sharing_ui_views.h,FALSE,std::map,0,197,"std::map<content::WebContents*, std::unique_ptr<SameOriginObserver>>"
chrome/browser/ui/views/tabs/common/dragged_tabs_container.h,FALSE,base::flat_map,1,240,"base::flat_map<raw_ptr<views::View>, DraggedViewVisualData>"
chrome/browser/ui/views/tabs/common/dragged_tabs_container.h,FALSE,base::flat_map,1,244,"base::flat_map<raw_ptr<views::View>, gfx::Vector2d>"
chrome/browser/ui/views/tabs/common/tab_drag_handler.h,FALSE,std::vector,0,194,std::vector<TabSlotView*>
chrome/browser/ui/views/tabs/common/tab_drag_handler.h,FALSE,std::map,1,242,"std::map<raw_ptr<const TabCollectionNode>, raw_ptr<TabSlotView>>"
chrome/browser/ui/views/tabs/dragging/tab_drag_controller_interactive_uitest.cc,TRUE,std::vector,0,2437,std::vector<content::WebContents*>
chrome/browser/ui/views/tabs/groups/color_picker_view.h,FALSE,std::vector,1,62,"std::vector<raw_ptr<ColorPickerElementView, VectorExperimental>>"
chrome/browser/ui/views/tabs/groups/tab_group_editor_bubble_view.h,FALSE,std::vector,1,244,std::vector<raw_ptr<views::LabelButton>>
chrome/browser/ui/views/tabs/hovercard/tab_hover_card_bubble_view.cc,FALSE,std::vector,1,626,std::vector<raw_ptr<FadeLabelView>>
chrome/browser/ui/views/toolbar/pinned_action_toolbar_button.h,FALSE,ui::ClassProperty,0,144,ui::ClassProperty< CreateCustomPinnedActionToolbarButtonCallback*>
chrome/browser/ui/views/toolbar/pinned_toolbar_actions_container.h,FALSE,std::vector,1,181,"std::vector<raw_ptr<PinnedActionToolbarButton, VectorExperimental>>"
chrome/browser/ui/views/toolbar/pinned_toolbar_actions_container.h,FALSE,std::vector,1,183,"std::vector<raw_ptr<PinnedActionToolbarButton, VectorExperimental>>"
chrome/browser/ui/views/toolbar/toolbar_controller_unittest.cc,TRUE,base::flat_map,1,107,"base::flat_map<actions::ActionId, raw_ptr<actions::ActionItem, CtnExperimental>>"
chrome/browser/ui/views/toolbar/toolbar_controller_unittest.cc,TRUE,std::vector,1,497,"std::vector<raw_ptr<views::View, VectorExperimental>>"
chrome/browser/ui/views/toolbar/toolbar_icon_container_view.h,FALSE,std::set,1,122,"std::set<raw_ptr<const views::Button, SetExperimental>>"
chrome/browser/ui/views/web_apps/frame_toolbar/web_app_content_settings_container.h,FALSE,std::vector,1,54,"std::vector<raw_ptr<ContentSettingImageView, VectorExperimental>>"
chrome/browser/ui/views/web_apps/sub_apps/sub_apps_install_dialog.cc,FALSE,std::vector,1,229,std::vector<raw_ptr<views::ImageView>>
chrome/browser/ui/views/web_apps/web_app_integration_test_driver.h,TRUE,base::flat_map,0,187,"base::flat_map<content::WebContents*, TabState>"
chrome/browser/ui/views/web_apps/web_app_integration_test_driver.h,TRUE,base::flat_map,0,226,"base::flat_map<Browser*, BrowserState>"
chrome/browser/ui/views/web_apps/web_app_integration_test_driver.h,TRUE,base::flat_map,0,236,"base::flat_map<Profile*, ProfileState>"
chrome/browser/ui/web_applications/web_app_ui_manager_impl.h,FALSE,std::map,1,300,"std::map<base::FilePath, raw_ptr<IsolatedWebAppInstallerCoordinator>>"
chrome/browser/ui/webui/access_code_cast/access_code_cast_handler_unittest.cc,TRUE,std::vector,1,359,"std::vector<raw_ptr<MediaSinksObserver, VectorExperimental>>"
chrome/browser/ui/webui/accessibility/accessibility_ui.cc,FALSE,std::map,0,605,"std::map<void*, PageAccessibilityMode>"
chrome/browser/ui/webui/ash/cloud_upload/drive_upload_handler_browsertest.cc,TRUE,std::map,0,395,"std::map<Profile*, std::unique_ptr<file_manager::test::FakeSimpleDriveFsHelper>>"
chrome/browser/ui/webui/ash/edu_coexistence/edu_coexistence_state_tracker.h,FALSE,std::map,0,121,"std::map<const content::WebUI*, FlowState>"
chrome/browser/ui/webui/ash/login/oobe_ui.h,FALSE,std::vector,1,214,"std::vector<raw_ptr<BaseWebUIHandler, VectorExperimental>>"
chrome/browser/ui/webui/ash/login/oobe_ui.h,FALSE,std::vector,1,216,"std::vector<raw_ptr<BaseWebUIHandler, VectorExperimental>>"
chrome/browser/ui/webui/ash/login/oobe_ui.h,FALSE,std::vector,1,218,"std::vector<raw_ptr<BaseScreenHandler, VectorExperimental>>"
chrome/browser/ui/webui/ash/manage_mirrorsync/manage_mirrorsync_dialog_browsertest.cc,TRUE,std::map,0,297,"std::map<Profile*, std::unique_ptr<drive::FakeDriveFsHelper>>"
chrome/browser/ui/webui/ash/settings/pages/os_settings_sections.h,FALSE,std::unordered_map,1,71,"std::unordered_map<chromeos::settings::mojom::Section, raw_ptr<OsSettingsSection, CtnExperimental>>"
chrome/browser/ui/webui/ash/settings/search/search_tag_registry.h,FALSE,std::unordered_map,1,102,"std::unordered_map<std::string, raw_ptr<const SearchConcept, CtnExperimental>>"
chrome/browser/ui/webui/certificate_manager/client_cert_sources.cc,FALSE,std::map,0,128,"std::map<net::ClientCertStore*, std::unique_ptr<net::ClientCertStore>>"
chrome/browser/ui/webui/discards/graph_dump_impl.h,FALSE,base::flat_map,0,174,"base::flat_map<const performance_manager::Node*, NodeId>"
chrome/browser/ui/webui/discards/graph_dump_impl.h,FALSE,base::flat_map,1,175,"base::flat_map<NodeId, raw_ptr<const performance_manager::Node, CtnExperimental>>"
chrome/browser/ui/webui/history_clusters/history_clusters_handler.cc,FALSE,std::variant,1,182,"std::variant<raw_ptr<BrowserWindowInterface>, raw_ptr<tabs::TabInterface>>"
chrome/browser/ui/webui/new_tab_page/new_tab_page_handler.h,FALSE,std::unordered_map,0,295,"std::unordered_map<const network::SimpleURLLoader*, std::unique_ptr<network::SimpleURLLoader>>"
chrome/browser/ui/webui/searchbox/contextual_searchbox_handler_unittest.cc,TRUE,std::vector,0,2551,std::vector<tabs::TabInterface*>
chrome/browser/ui/webui/side_panel/bookmarks/bookmarks_page_handler.cc,FALSE,std::vector,1,183,"std::vector<raw_ptr<const bookmarks::BookmarkNode, VectorExperimental>>"
chrome/browser/ui/webui/signin/login_ui_service.h,FALSE,std::list,1,101,"std::list<raw_ptr<LoginUI, CtnExperimental>>"
chrome/browser/ui/webui/top_chrome/per_profile_webui_tracker.cc,FALSE,std::map,1,53,"std::map<raw_ptr<content::WebContents>, std::unique_ptr<WebContentsObserver>>"
chrome/browser/ui/webui/top_chrome/preload_context.h,FALSE,std::variant,0,44,"std::variant<Browser*, Profile*>"
chrome/browser/ui/webui/webui_toolbar/icon_table.h,FALSE,absl::flat_hash_map,1,123,"absl::flat_hash_map<toolbar_ui_api::IconHandleId, raw_ptr<ProviderImpl>>"
chrome/browser/usb/chrome_usb_delegate.h,FALSE,base::flat_map,0,81,"base::flat_map<content::BrowserContext*, std::unique_ptr<ContextObservation>>"
chrome/browser/usb/usb_chooser_context_unittest.cc,TRUE,base::flat_map,0,131,"base::flat_map<Profile*, std::unique_ptr<NiceMock<permissions::MockPermissionObserver>>>"
chrome/browser/usb/usb_chooser_context_unittest.cc,TRUE,base::flat_map,0,134,"base::flat_map<Profile*, std::unique_ptr<MockDeviceObserver>>"
chrome/browser/user_education/user_education_configuration_provider_unittest.cc,TRUE,std::initializer_list,0,65,std::initializer_list<const base::Feature*>
chrome/browser/user_education/user_education_configuration_provider_unittest.cc,TRUE,std::initializer_list,0,69,std::initializer_list<const base::Feature*>
chrome/browser/vr/test/webxr_vr_browser_test.h,TRUE,base::flat_map,0,61,"base::flat_map<content::WebContents*, std::unique_ptr<permissions::MockPermissionPromptFactory>>"
chrome/browser/vr/ui_scene.h,FALSE,std::vector,1,104,"std::vector<raw_ptr<UiElement, VectorExperimental>>"
chrome/browser/web_applications/isolated_web_apps/policy/isolated_web_app_cache_manager_unittest.cc,TRUE,base::AutoReset,0,141,base::AutoReset<IwaRuntimeDataProvider*>
chrome/browser/web_applications/test/fake_web_contents_manager.h,FALSE,std::map,0,177,"std::map<content::WebContents*, GURL>"
chrome/browser/webauthn/enclave_manager.h,FALSE,std::variant,1,129,"std::variant<raw_ptr<ash::WebAuthNDialogController>, raw_ptr<ash::ActiveSessionAuthController>>"
chrome/browser/webshare/win/fake_data_transfer_manager_unittest.cc,TRUE,IObservableVector,0,58,IObservableVector<IStorageItem*>
chrome/browser/webshare/win/fake_data_transfer_manager_unittest.cc,TRUE,VectorChangedEventHandler,0,62,VectorChangedEventHandler<IStorageItem*>
chrome/browser/webshare/win/share_operation.cc,FALSE,IObservableVector,0,73,IObservableVector<IStorageItem*>
chrome/browser/webshare/win/share_operation.cc,FALSE,VectorChangedEventHandler,0,77,VectorChangedEventHandler<IStorageItem*>
chrome/browser/win/installer_downloader/installer_downloader_controller.h,FALSE,std::map,0,147,"std::map<content::WebContents*, infobars::InfoBar*>"
chrome/common/chrome_content_client_unittest.cc,TRUE,std::vector,1,113,"std::vector<raw_ptr<blink::OriginTrialPolicy, VectorExperimental>>"
chrome/credential_provider/test/com_fakes.h,FALSE,std::unordered_map,0,150,"std::unordered_map<ICredentialProviderCredential*, std::unordered_map<DWORD, CREDENTIAL_PROVIDER_FIELD_STATE>>"
chrome/credential_provider/test/com_fakes.h,FALSE,std::unordered_map,0,153,"std::unordered_map<ICredentialProviderCredential*, std::unordered_map<DWORD, std::wstring>>"
chrome/renderer/plugins/chrome_plugin_placeholder.cc,FALSE,std::set,1,89,"std::set<raw_ptr<ChromePluginPlaceholder, SetExperimental>>"
chrome/renderer/v8_unwinder.h,FALSE,std::set,1,90,"std::set<raw_ptr<const base::ModuleCache::Module, SetExperimental>, ModuleCompare>"
chrome/services/sharing/nearby/platform/ble_v2_gatt_client.h,FALSE,base::flat_set,1,127,base::flat_set<raw_ptr<base::WaitableEvent>>
chrome/services/sharing/nearby/platform/ble_v2_gatt_client.h,FALSE,base::flat_set,1,129,base::flat_set<raw_ptr<base::WaitableEvent>>
chrome/services/sharing/nearby/platform/ble_v2_gatt_client.h,FALSE,base::flat_set,1,131,base::flat_set<raw_ptr<base::WaitableEvent>>
chrome/services/sharing/nearby/platform/ble_v2_medium.h,FALSE,base::flat_set,1,156,base::flat_set<raw_ptr<base::WaitableEvent>>
chrome/services/sharing/nearby/platform/ble_v2_medium.h,FALSE,base::flat_set,1,160,base::flat_set<raw_ptr<base::WaitableEvent>>
chrome/services/sharing/nearby/platform/wifi_lan_medium.h,FALSE,base::flat_set,1,212,"base::flat_set<raw_ptr<base::WaitableEvent, CtnExperimental>>"
chrome/services/sharing/nearby/platform/wifi_lan_medium.h,FALSE,base::flat_set,1,214,"base::flat_set<raw_ptr<base::WaitableEvent, CtnExperimental>>"
chrome/services/sharing/nearby/platform/wifi_lan_server_socket.h,FALSE,base::flat_set,1,115,"base::flat_set<raw_ptr<base::WaitableEvent, CtnExperimental>>"
chrome/test/base/chromeos/crosier/aura_window_title_observer.h,FALSE,std::map,0,50,"std::map<aura::Window*, ScopedWindowObservation>"
chrome/test/base/in_process_browser_test_mixin.h,TRUE,std::vector,1,96,"std::vector<raw_ptr<InProcessBrowserTestMixin, VectorExperimental>>"
chrome/test/base/ui_test_utils.h,TRUE,std::vector,1,603,"std::vector<raw_ptr<content::WebContents, AcrossTasksDanglingUntriaged>>"
chrome/test/chromedriver/chrome/devtools_client_impl.h,FALSE,std::map,1,227,"std::map<std::string, raw_ptr<DevToolsClient, CtnExperimental>>"
chrome/test/chromedriver/chrome/devtools_client_impl.h,FALSE,std::list,1,234,"std::list<raw_ptr<DevToolsEventListener, CtnExperimental>>"
chrome/test/chromedriver/chrome/devtools_client_impl.h,FALSE,std::list,1,235,"std::list<raw_ptr<DevToolsEventListener, CtnExperimental>>"
chrome/test/chromedriver/chrome/devtools_client_impl.h,FALSE,std::list,1,237,"std::list<raw_ptr<DevToolsEventListener, CtnExperimental>>"
chrome/test/chromedriver/chrome/devtools_client_impl.h,FALSE,std::list,1,240,"std::list<raw_ptr<DevToolsEventListener, CtnExperimental>>"
chrome/test/chromedriver/chrome/stub_devtools_client.h,FALSE,std::list,1,92,"std::list<raw_ptr<DevToolsEventListener, CtnExperimental>>"
chrome/test/interaction/interactive_browser_test_interactive_uitest.cc,TRUE,std::vector,1,720,std::vector<raw_ptr<HoverDetectionView>>
chrome/test/media_router/access_code_cast/access_code_cast_integration_browsertest.h,TRUE,std::vector,1,169,"std::vector<raw_ptr<MediaSinksObserver, VectorExperimental>>"
chrome/test/media_router/access_code_cast/access_code_cast_integration_browsertest.h,TRUE,std::vector,1,171,"std::vector<raw_ptr<media_router::MediaRoutesObserver, VectorExperimental>>"
chrome/test/user_education/interactive_feature_promo_test_internal.h,TRUE,std::map,0,116,"std::map<Profile*, ProfileData>"
chrome/updater/mac/client_lib/CRURegistration-Private.h,FALSE,NSArray,0,139,NSArray<NSString*>
chrome/updater/net/chunk_queue.h,FALSE,NSMutableArray,0,67,NSMutableArray<NSData*>
chrome/updater/win/ui/message_loop.h,FALSE,std::vector,0,50,std::vector<MessageFilter*>
chrome/utility/importer/edge_importer_win.cc,FALSE,std::vector,1,57,"std::vector<raw_ptr<const EdgeFavoriteEntry, VectorExperimental>>"
chrome/windows_services/elevated_tracing_service/session_registry.cc,FALSE,std::atomic,0,41,std::atomic<IUnknown*>
chrome/windows_services/elevated_tracing_service/session_registry.h,FALSE,std::atomic,0,76,std::atomic<SessionCore*>
chrome/windows_services/service_program/service.cc,FALSE,std::atomic,0,34,std::atomic<Service*>
chromecast/base/observer.h,FALSE,std::vector,0,306,std::vector<Observer<T>*>
chromecast/browser/cast_content_browser_client.h,FALSE,std::map,0,329,"std::map<std::string, breakpad::CrashHandlerHostLinux*>"
chromecast/browser/cast_web_contents_browsertest.cc,TRUE,base::flat_set,0,289,base::flat_set<content::RenderFrameHost*>
chromecast/browser/devtools/cast_devtools_manager_delegate.h,FALSE,std::unordered_set,0,46,std::unordered_set<content::WebContents*>
chromecast/browser/devtools/remote_debugging_server.h,FALSE,std::unordered_map,0,43,"std::unordered_map<content::WebContents*, std::unique_ptr<WebContentsObserver>>"
chromecast/cast_core/grpc/server_reactor_tracker.h,FALSE,base::flat_map,0,31,"base::flat_map<grpc::ServerGenericBidiReactor*, std::string>"
chromecast/graphics/cast_focus_client_aura.h,FALSE,std::vector,0,78,std::vector<aura::Window*>
chromecast/graphics/cast_touch_event_gate.h,FALSE,base::flat_set,0,42,base::flat_set<CastTouchActivityObserver*>
chromecast/graphics/gestures/cast_system_gesture_dispatcher.h,FALSE,base::flat_set,0,52,base::flat_set<CastGestureHandler*>
chromecast/media/audio/cast_audio_bus.h,FALSE,std::vector,0,43,std::vector<float*>
chromecast/media/audio/external_audio_pipeline_sample.cc,FALSE,std::vector,0,52,std::vector<ExternalAudioPipelineShlib::LoopbackAudioObserver*>
chromecast/media/audio/fake_external_audio_pipeline.cc,FALSE,std::vector,0,94,std::vector<ExternalAudioPipelineShlib::LoopbackAudioObserver*>
chromecast/media/base/slew_volume_unittest.cc,TRUE,std::vector,0,131,std::vector<float*>
chromecast/media/base/slew_volume_unittest.cc,TRUE,std::vector,0,132,std::vector<float*>
chromecast/media/base/slew_volume_unittest.cc,TRUE,std::vector,0,133,std::vector<float*>
chromecast/media/cma/backend/android/audio_sink_manager.h,FALSE,std::vector,0,66,std::vector<AudioSinkAndroid*>
chromecast/media/cma/backend/android/volume_control_android.h,FALSE,std::vector,0,79,std::vector<VolumeObserver*>
chromecast/media/cma/backend/desktop/volume_control_desktop.cc,FALSE,std::vector,0,145,std::vector<VolumeObserver*>
chromecast/renderer/cast_activity_url_filter_manager.h,FALSE,base::flat_map,1,92,"base::flat_map<blink::LocalFrameToken, raw_ptr<UrlFilterReceiver>>"
chromecast/renderer/feature_manager.h,FALSE,base::flat_set,0,58,base::flat_set<CastBinding*>
chromecast/starboard/chromecast/starboard_adapter/src/cast_starboard_api_adapter_impl.h,FALSE,std::unordered_map,0,66,"std::unordered_map<void*, CastStarboardApiAdapterImplCB>"
chromecast/starboard/media/cdm/starboard_drm_wrapper.h,FALSE,base::flat_map,0,248,"base::flat_map<std::string, Client*>"
chromecast/starboard/media/cdm/starboard_drm_wrapper.h,FALSE,base::flat_map,0,252,"base::flat_map<int, Client*>"
chromecast/starboard/media/cdm/starboard_drm_wrapper.h,FALSE,base::flat_set,0,255,base::flat_set<Client*>
chromecast/starboard/media/cdm/starboard_drm_wrapper.h,FALSE,base::flat_set,0,267,base::flat_set<DrmSystemResource*>
chromecast/starboard/media/media/starboard_decoder.h,FALSE,base::flat_map,0,138,"base::flat_map<const uint8_t*, base::HeapArray<uint8_t>>"
chromecast/starboard/media/renderer/starboard_player_manager.h,FALSE,base::flat_map,1,184,"base::flat_map<raw_ptr<const void>, scoped_refptr<::media::DecoderBuffer>>"
chromeos/ash/components/auth_panel/impl/auth_panel.h,FALSE,base::flat_map,1,88,"base::flat_map<AshAuthFactor, raw_ptr<views::View>>"
chromeos/ash/components/boca/on_task/on_task_session_manager.h,FALSE,std::vector,0,123,std::vector<boca::BocaWindowObserver*>
chromeos/ash/components/browser_context_helper/file_flusher.h,FALSE,std::vector,1,59,"std::vector<raw_ptr<Job, VectorExperimental>>"
chromeos/ash/components/mojo_proxy/mojo_core/core/ports/port_locker.h,FALSE,base::AutoReset,0,72,base::AutoReset<const PortLocker*>
chromeos/ash/components/mojo_proxy/mojo_core/core/ports/ports_unittest.cc,TRUE,std::map,1,483,"std::map<NodeName, raw_ptr<TestNode, CtnExperimental>>"
chromeos/ash/components/mojo_proxy/mojo_core/core/watcher_dispatcher.h,FALSE,base::flat_map,0,83,"base::flat_map<Dispatcher*, scoped_refptr<Watch>>"
chromeos/ash/components/mojo_proxy/mojo_core/core/watcher_set.h,FALSE,base::flat_map,0,68,"base::flat_map<WatcherDispatcher*, Entry>"
chromeos/ash/components/nearby/presence/nearby_presence_service_impl.h,FALSE,base::flat_set,1,116,"base::flat_set<raw_ptr<ScanDelegate, CtnExperimental>>"
chromeos/ash/components/osauth/impl/auth_hub_mode_lifecycle_unittest.cc,TRUE,base::flat_map,1,115,"base::flat_map<AshAuthFactor, raw_ptr<MockAuthFactorEngine, AcrossTasksDanglingUntriaged>>"
chromeos/ash/components/osauth/impl/auth_hub_vector_lifecycle_unittest.cc,TRUE,base::flat_map,1,163,"base::flat_map< AshAuthFactor, raw_ptr<AuthFactorEngine::FactorEngineObserver, DanglingUntriaged>>"
chromeos/ash/components/osauth/impl/cryptohome_core_impl.h,FALSE,base::flat_set,1,62,base::flat_set<raw_ptr<Client>>
chromeos/ash/components/osauth/impl/cryptohome_core_impl.h,FALSE,base::flat_set,1,63,base::flat_set<raw_ptr<Client>>
chromeos/ash/components/phonehub/multidevice_feature_access_manager.h,FALSE,base::flat_map,1,207,"base::flat_map<int, raw_ptr<NotificationAccessSetupOperation, CtnExperimental>>"
chromeos/ash/components/phonehub/multidevice_feature_access_manager.h,FALSE,base::flat_map,1,210,"base::flat_map<int, raw_ptr<CombinedAccessSetupOperation, CtnExperimental>>"
chromeos/ash/components/phonehub/multidevice_feature_access_manager.h,FALSE,base::flat_map,1,212,"base::flat_map<int, raw_ptr<FeatureSetupConnectionOperation, CtnExperimental>>"
chromeos/ash/components/tether/disconnect_tethering_request_sender_impl_unittest.cc,TRUE,std::vector,1,70,"std::vector<raw_ptr<FakeDisconnectTetheringOperation, VectorExperimental>>"
chromeos/ash/components/tether/fake_host_connection.h,FALSE,base::flat_map,1,49,"base::flat_map<std::string, raw_ptr<FakeHostConnection, CtnExperimental>>"
chromeos/ash/components/tether/host_scanner_impl_unittest.cc,TRUE,std::vector,1,105,"std::vector< raw_ptr<FakeTetherAvailabilityOperationOrchestrator, VectorExperimental>>"
chromeos/ash/components/tether/tether_connector_impl_unittest.cc,TRUE,std::vector,1,127,"std::vector<raw_ptr<FakeConnectTetheringOperation, VectorExperimental>>"
chromeos/ash/components/tether/top_level_host_scan_cache_unittest.cc,TRUE,std::unordered_map,1,98,"std::unordered_map<std::string, raw_ptr<ExtendedMockTimer, CtnExperimental>>"
chromeos/ash/components/timer_factory/fake_timer_factory.h,FALSE,base::flat_map,1,82,"base::flat_map<base::UnguessableToken, raw_ptr<FakeOneShotTimer, CtnExperimental>>"
chromeos/ash/experiences/arc/camera/arc_camera_bridge.h,FALSE,std::map,0,58,"std::map<PendingStartCameraServiceResult*, std::unique_ptr<PendingStartCameraServiceResult>>"
chromeos/ash/experiences/arc/compat_mode/arc_resize_lock_manager.h,FALSE,base::flat_set,1,98,"base::flat_set<raw_ptr<aura::Window, CtnExperimental>>"
chromeos/ash/experiences/arc/compat_mode/arc_resize_lock_manager.h,FALSE,std::map,0,101,"std::map<aura::Window*, std::vector<base::OnceClosure>>"
chromeos/ash/experiences/arc/compat_mode/arc_resize_lock_manager_unittest.cc,TRUE,base::flat_set,1,74,"base::flat_set<raw_ptr<const aura::Window, CtnExperimental>>"
chromeos/ash/experiences/arc/compat_mode/touch_mode_mouse_rewriter.h,FALSE,std::multiset,0,77,std::multiset<aura::WindowTreeHost*>
chromeos/ash/experiences/arc/compat_mode/touch_mode_mouse_rewriter.h,FALSE,std::set,1,78,"std::set<raw_ptr<const aura::Window, SetExperimental>>"
chromeos/ash/experiences/arc/metrics/arc_wm_metrics.h,FALSE,base::flat_map,0,96,"base::flat_map<aura::Window*, std::unique_ptr<WindowStateChangeObserver>>"
chromeos/ash/experiences/arc/metrics/arc_wm_metrics.h,FALSE,base::flat_map,0,101,"base::flat_map<aura::Window*, std::unique_ptr<WindowCloseObserver>>"
chromeos/ash/experiences/arc/metrics/arc_wm_metrics.h,FALSE,base::flat_map,0,106,"base::flat_map<aura::Window*, std::unique_ptr<WindowStateChangeObserver>>"
chromeos/ash/experiences/arc/metrics/arc_wm_metrics.h,FALSE,base::flat_map,0,111,"base::flat_map<aura::Window*, std::unique_ptr<WindowRotationObserver>>"
chromeos/ash/experiences/arc/toast/arc_toast_surface_manager.h,FALSE,std::vector,1,42,"std::vector<raw_ptr<exo::ToastSurface, VectorExperimental>>"
chromeos/ash/services/bluetooth_config/discovery_session_manager_impl_unittest.cc,TRUE,std::vector,1,214,"std::vector<raw_ptr<FakeDevicePairingHandler, VectorExperimental>>"
chromeos/ash/services/bluetooth_config/fake_device_pairing_handler.h,FALSE,std::vector,1,55,"std::vector<raw_ptr<device::BluetoothDevice, VectorExperimental>>"
chromeos/ash/services/bluetooth_config/fake_discovery_session_manager.h,FALSE,std::vector,1,43,"std::vector<raw_ptr<FakeDevicePairingHandler, VectorExperimental>>"
chromeos/ash/services/cellular_setup/cellular_setup_impl_unittest.cc,TRUE,std::vector,1,62,"std::vector<raw_ptr<FakeOtaActivator, VectorExperimental>>"
chromeos/ash/services/device_sync/cryptauth_v2_enrollment_manager_impl_unittest.cc,TRUE,std::vector,1,104,"std::vector<raw_ptr<FakeCryptAuthV2Enroller, VectorExperimental>>"
chromeos/ash/services/device_sync/fake_cryptauth_device_notifier.h,FALSE,std::vector,1,113,"std::vector<raw_ptr<FakeCryptAuthDeviceNotifier, VectorExperimental>>"
chromeos/ash/services/device_sync/fake_cryptauth_device_syncer.h,FALSE,std::vector,1,99,"std::vector<raw_ptr<FakeCryptAuthDeviceSyncer, VectorExperimental>>"
chromeos/ash/services/device_sync/fake_cryptauth_feature_status_getter.h,FALSE,std::vector,1,96,"std::vector<raw_ptr<FakeCryptAuthFeatureStatusGetter, VectorExperimental>>"
chromeos/ash/services/device_sync/fake_cryptauth_feature_status_setter.h,FALSE,std::vector,1,114,"std::vector<raw_ptr<FakeCryptAuthFeatureStatusSetter, VectorExperimental>>"
chromeos/ash/services/device_sync/fake_cryptauth_group_private_key_sharer.h,FALSE,std::vector,1,99,"std::vector<raw_ptr<FakeCryptAuthGroupPrivateKeySharer, VectorExperimental>>"
chromeos/ash/services/device_sync/fake_cryptauth_metadata_syncer.h,FALSE,std::optional,0,77,std::optional<const CryptAuthKey*>
chromeos/ash/services/device_sync/fake_cryptauth_metadata_syncer.h,FALSE,std::vector,1,114,"std::vector<raw_ptr<FakeCryptAuthMetadataSyncer, VectorExperimental>>"
chromeos/ash/services/device_sync/fake_remote_device_v2_loader.h,FALSE,std::vector,1,91,"std::vector<raw_ptr<FakeRemoteDeviceV2Loader, VectorExperimental>>"
chromeos/ash/services/multidevice_setup/feature_state_manager_impl.h,FALSE,base::flat_map,1,111,"base::flat_map<mojom::Feature, raw_ptr<GlobalStateFeatureManager, CtnExperimental>>"
chromeos/ash/services/secure_channel/active_connection_manager_impl_unittest.cc,TRUE,base::flat_map,1,91,"base::flat_map<ConnectionDetails, raw_ptr<FakeMultiplexedChannel, CtnExperimental>>"
chromeos/ash/services/secure_channel/ble_advertiser_impl_unittest.cc,TRUE,base::flat_map,1,96,"base::flat_map<DeviceIdPair, raw_ptr<FakeErrorTolerantBleAdvertisement, CtnExperimental>>"
chromeos/ash/services/secure_channel/connection_attempt_base_unittest.cc,TRUE,std::set,1,233,"std::set<raw_ptr<FakePendingConnectionRequest<BleInitiatorFailureType>, SetExperimental>>"
chromeos/ash/services/secure_channel/fake_connection.h,FALSE,std::vector,1,96,"std::vector<raw_ptr<ConnectionObserver, VectorExperimental>>"
chromeos/ash/services/secure_channel/fake_secure_channel_connection.h,FALSE,std::vector,1,94,"std::vector<raw_ptr<Observer, VectorExperimental>>"
chromeos/ash/services/secure_channel/multiplexed_channel_impl_unittest.cc,TRUE,std::unordered_map,1,95,"std::unordered_map<base::UnguessableToken, raw_ptr<FakeSingleClientProxy, CtnExperimental>, base::UnguessableTokenHash>"
chromeos/ash/services/secure_channel/pending_connection_manager_impl_unittest.cc,TRUE,base::flat_map,1,110,"base::flat_map< ConnectionAttemptDetails, raw_ptr<FakeConnectionAttempt<BleInitiatorFailureType>, CtnExperimental>>"
chromeos/ash/services/secure_channel/pending_connection_manager_impl_unittest.cc,TRUE,base::flat_map,1,192,"base::flat_map< ConnectionAttemptDetails, raw_ptr<FakeConnectionAttempt<BleListenerFailureType>, CtnExperimental>>"
chromeos/ash/services/secure_channel/pending_connection_manager_impl_unittest.cc,TRUE,base::flat_map,1,275,"base::flat_map<ConnectionAttemptDetails, raw_ptr<FakeConnectionAttempt<NearbyInitiatorFailureType>, CtnExperimental>>"
chromeos/ash/services/secure_channel/secure_channel_service_unittest.cc,TRUE,std::unordered_map,1,473,"std::unordered_map<base::UnguessableToken, raw_ptr<FakeClientConnectionParameters, CtnExperimental>, base::UnguessableTokenHash>"
chromeos/components/cdm_factory_daemon/output_protection_impl_unittest.cc,TRUE,std::vector,1,150,"std::vector<raw_ptr<display::DisplaySnapshot, VectorExperimental>>"
chromeos/ui/base/window_properties.h,FALSE,ui::ClassProperty,0,66,ui::ClassProperty<ResizeBorderInsets*>
chromeos/ui/base/window_properties.h,FALSE,ui::ClassProperty,0,115,ui::ClassProperty<gfx::Rect*>
chromeos/ui/base/window_properties.h,FALSE,ui::ClassProperty,0,152,ui::ClassProperty<std::u16string*>
chromeos/ui/frame/caption_buttons/frame_caption_button_container_view.h,FALSE,std::map,1,239,"std::map<views::CaptionButtonIcon, raw_ptr<const gfx::VectorIcon, CtnExperimental>>"
chromeos/ui/frame/immersive/immersive_focus_watcher.cc,FALSE,std::set,1,91,"std::set<raw_ptr<aura::Window, SetExperimental>>"
components/affiliations/core/browser/fake_affiliation_fetcher.h,FALSE,base::queue,1,79,"base::queue<raw_ptr<FakeAffiliationFetcher, CtnExperimental>>"
components/android_autofill/browser/form_data_android_unittest.cc,TRUE,std::vector,0,118,std::vector<MockFormFieldDataAndroidBridge*>
components/app_restore/arc_read_handler.h,FALSE,std::set,1,150,"std::set<raw_ptr<aura::Window, SetExperimental>>"
components/app_restore/arc_save_handler.h,FALSE,std::set,1,137,"std::set<raw_ptr<aura::Window, SetExperimental>>"
components/app_restore/full_restore_save_handler.h,FALSE,base::flat_map,1,257,"base::flat_map<base::FilePath, raw_ptr<apps::AppRegistryCache, CtnExperimental>>"
components/app_restore/window_properties.h,FALSE,ui::ClassProperty,0,25,ui::ClassProperty<int32_t*>
components/app_restore/window_properties.h,FALSE,ui::ClassProperty,0,29,ui::ClassProperty<std::string*>
components/app_restore/window_properties.h,FALSE,ui::ClassProperty,0,37,ui::ClassProperty<std::string*>
components/app_restore/window_properties.h,FALSE,ui::ClassProperty,0,70,ui::ClassProperty<WindowInfo*>
components/autofill/content/browser/content_autofill_driver_factory.h,FALSE,std::map,0,125,"std::map<content::RenderFrameHost*, std::unique_ptr<ContentAutofillDriver>>"
components/autofill/content/browser/content_autofill_driver_unittest.cc,TRUE,std::array,1,580,"std::array<raw_ptr<content::RenderFrameHost>, 4>"
components/autofill/content/browser/test_autofill_client_injector.h,TRUE,std::map,0,82,"std::map<content::WebContents*, T*>"
components/autofill/content/browser/test_autofill_driver_injector.h,TRUE,std::map,0,185,"std::map<content::RenderFrameHost*, T*>"
components/autofill/content/browser/test_autofill_manager_injector.h,TRUE,std::map,0,186,"std::map<content::RenderFrameHost*, T*>"
components/autofill/core/browser/data_model/addresses/autofill_i18n_parsing_expression_components.h,FALSE,base::raw_span,0,98,base::raw_span<const AutofillParsingProcess* const>
components/autofill/core/browser/data_model/addresses/autofill_i18n_parsing_expression_components.h,FALSE,base::raw_span,0,152,base::raw_span<const ExtractPart* const>
components/autofill/core/browser/form_parsing/address_field_parser_ng.h,FALSE,base::flat_map,1,34,"base::flat_map<FieldType, raw_ptr<const FormFieldData>>"
components/autofill/core/browser/foundations/autofill_manager.h,FALSE,std::conditional_t,0,308,"std::conditional_t<IsConst, const FormStructure*, FormStructure*>"
components/autofill/core/browser/foundations/autofill_manager.h,FALSE,std::conditional_t,0,310,"std::conditional_t<IsConst, const AutofillField*, AutofillField*>"
components/bookmarks/browser/bookmark_codec.h,FALSE,std::vector,1,184,std::vector<raw_ptr<BookmarkNode>>
components/bookmarks/browser/bookmark_model_unittest.cc,TRUE,std::vector,1,3991,"std::vector<raw_ptr<const BookmarkNode, VectorExperimental>>"
components/bookmarks/browser/bookmark_utils.h,FALSE,std::vector,1,100,std::vector<raw_ptr<const BookmarkNode>>
components/bookmarks/browser/bookmark_utils.h,FALSE,std::vector,1,101,std::vector<raw_ptr<const BookmarkNode>>
components/browser_actuator/internal/transport/upstream_message_client/upstream_message_client.h,FALSE,base::flat_map,0,76,"base::flat_map<endpoint_fetcher::EndpointFetcher*, std::unique_ptr<endpoint_fetcher::EndpointFetcher>>"
components/browser_apis/bookmarks/bookmark_event_translator.cc,FALSE,std::map,0,213,"std::map<const bookmarks::BookmarkNode*, std::vector<base::Uuid>>"
components/browser_apis/tab_drag/sessions/tab_drag_window_registry.h,FALSE,std::map,0,36,"std::map<TabDragWindowId, TabDragWindowAdapter*>"
components/browser_apis/tab_strip/aggregation/tab_strip_service_aggregator.h,FALSE,std::set,1,46,std::set<raw_ptr<TabStripService>>
components/browser_apis/tab_strip/testing/toy_tab_strip_service_tracker.h,FALSE,std::vector,1,34,std::vector<raw_ptr<TabStripService>>
components/browser_sync/common_controller_builder.h,FALSE,SafeOptional,1,374,SafeOptional<raw_ptr<account_settings::AccountSettingService>>
components/browser_sync/common_controller_builder.h,FALSE,SafeOptional,1,378,SafeOptional<raw_ptr<signin::IdentityManager>>
components/browser_sync/common_controller_builder.h,FALSE,SafeOptional,1,379,SafeOptional<raw_ptr<consent_auditor::ConsentAuditor>>
components/browser_sync/common_controller_builder.h,FALSE,SafeOptional,1,380,SafeOptional<raw_ptr<syncer::DeviceInfoSyncService>>
components/browser_sync/common_controller_builder.h,FALSE,SafeOptional,1,382,SafeOptional<raw_ptr<favicon::FaviconService>>
components/browser_sync/common_controller_builder.h,FALSE,SafeOptional,1,383,SafeOptional<raw_ptr<GoogleGroupsManager>>
components/browser_sync/common_controller_builder.h,FALSE,SafeOptional,1,384,SafeOptional<raw_ptr<history::HistoryService>>
components/browser_sync/common_controller_builder.h,FALSE,SafeOptional,1,385,SafeOptional<raw_ptr<syncer::DataTypeStoreService>>
components/browser_sync/common_controller_builder.h,FALSE,SafeOptional,1,386,SafeOptional<raw_ptr<webauthn::PasskeyModel>>
components/browser_sync/common_controller_builder.h,FALSE,SafeOptional,1,387,SafeOptional<raw_ptr<password_manager::PasswordReceiverService>>
components/browser_sync/common_controller_builder.h,FALSE,SafeOptional,1,389,SafeOptional<raw_ptr<password_manager::PasswordSenderService>>
components/browser_sync/common_controller_builder.h,FALSE,SafeOptional,1,391,SafeOptional<raw_ptr<PrefService>>
components/browser_sync/common_controller_builder.h,FALSE,SafeOptional,1,392,SafeOptional<raw_ptr<sync_preferences::PrefServiceSyncable>>
components/browser_sync/common_controller_builder.h,FALSE,SafeOptional,1,394,SafeOptional<raw_ptr<sync_sessions::SessionSyncService>>
components/browser_sync/common_controller_builder.h,FALSE,SafeOptional,1,396,SafeOptional<raw_ptr<reading_list::DualReadingListModel>>
components/browser_sync/common_controller_builder.h,FALSE,SafeOptional,1,398,SafeOptional<raw_ptr<send_tab_to_self::SendTabToSelfSyncService>>
components/browser_sync/common_controller_builder.h,FALSE,SafeOptional,1,400,SafeOptional<raw_ptr<syncer::UserEventService>>
components/browser_sync/common_controller_builder.h,FALSE,SafeOptional,1,407,SafeOptional<raw_ptr<AimEligibilityService>>
components/browser_sync/common_controller_builder.h,FALSE,SafeOptional,1,412,SafeOptional<raw_ptr<sync_bookmarks::BookmarkSyncService>>
components/browser_sync/common_controller_builder.h,FALSE,SafeOptional,1,414,SafeOptional<raw_ptr<sync_bookmarks::BookmarkSyncService>>
components/browser_sync/common_controller_builder.h,FALSE,SafeOptional,1,416,SafeOptional<raw_ptr<bookmarks::BookmarkModel>>
components/browser_sync/common_controller_builder.h,FALSE,SafeOptional,1,417,SafeOptional<raw_ptr<supervised_user::FamilyLinkSettingsService>>
components/browser_sync/common_controller_builder.h,FALSE,SafeOptional,1,419,SafeOptional<raw_ptr<collaboration::CollaborationService>>
components/browser_sync/common_controller_builder.h,FALSE,SafeOptional,1,421,SafeOptional<raw_ptr<contextual_tasks::ContextualTasksService>>
components/browser_sync/common_controller_builder.h,FALSE,SafeOptional,1,423,SafeOptional<raw_ptr<data_sharing::personal_collaboration_data:: PersonalCollaborationDataService>>
components/browser_sync/common_controller_builder.h,FALSE,SafeOptional,1,426,SafeOptional<raw_ptr<data_sharing::DataSharingService>>
components/browser_sync/common_controller_builder.h,FALSE,SafeOptional,1,427,SafeOptional<raw_ptr<SharingMessageBridge>>
components/browser_sync/common_controller_builder.h,FALSE,SafeOptional,1,428,SafeOptional<raw_ptr<tab_groups::TabGroupSyncService>>
components/browser_sync/common_controller_builder.h,FALSE,SafeOptional,1,430,SafeOptional<raw_ptr<sync_tab_context::TabContextSyncService>>
components/browser_sync/common_controller_builder.h,FALSE,SafeOptional,1,432,SafeOptional<raw_ptr<TemplateURLService>>
components/browser_sync/common_controller_builder.h,FALSE,SafeOptional,1,433,SafeOptional<raw_ptr<skills::SkillsService>>
components/browser_sync/common_controller_builder.h,FALSE,SafeOptional,1,434,SafeOptional<raw_ptr<notebooks::NotebooksService>>
components/chromeos_camera/jpeg_encode_accelerator_unittest.cc,TRUE,std::vector,0,743,std::vector<TestImage*>
components/chromeos_camera/jpeg_encode_accelerator_unittest.cc,TRUE,std::vector,0,744,std::vector<TestImage*>
components/commerce/core/shopping_service.h,FALSE,std::unordered_set,1,641,std::unordered_set<raw_ptr<WebWrapper>>
components/constrained_window/modal_dialog_host_property.h,FALSE,ui::ClassProperty,0,20,ui::ClassProperty<web_modal::ModalDialogHost*>
components/constrained_window/native_web_contents_modal_dialog_manager_views.h,FALSE,std::set,1,84,"std::set<raw_ptr<views::Widget, SetExperimental>>"
components/constrained_window/native_web_contents_modal_dialog_manager_views.h,FALSE,std::set,1,85,"std::set<raw_ptr<views::Widget, SetExperimental>>"
components/content_capture/browser/onscreen_content_provider.h,FALSE,std::vector,1,145,"std::vector<raw_ptr<ContentCaptureConsumer, VectorExperimental>>"
components/content_settings/core/browser/host_content_settings_map.h,FALSE,std::vector,1,587,"std::vector< raw_ptr<content_settings::UserModifiableProvider, VectorExperimental>>"
components/contextual_search/input_state_model_unittest.cc,TRUE,std::vector,1,68,std::vector<raw_ptr<const contextual_search::FileInfo>>
components/crash/content/browser/crash_handler_host_linux.h,FALSE,std::set,1,177,"std::set<raw_ptr<Observer, SetExperimental>>"
components/desks_storage/core/desk_model.h,FALSE,std::vector,1,92,"std::vector<raw_ptr<const ash::DeskTemplate, VectorExperimental>>"
components/device_signals/core/system_signals/win/com_fakes.h,FALSE,std::vector,1,229,"std::vector<raw_ptr<IWscProduct, VectorExperimental>>"
components/devtools/simple_devtools_protocol_client/simple_devtools_protocol_client.h,FALSE,base::flat_map,1,83,"base::flat_map<std::string, raw_ptr<SimpleDevToolsProtocolClient, CtnExperimental>>"
components/domain_reliability/context_unittest.cc,TRUE,HasValue,0,110,"HasValue<const std::string*, std::string, &base::DictValue::FindStringByDottedPath>"
components/domain_reliability/dispatcher.h,FALSE,std::set,1,68,"std::set<raw_ptr<Task, SetExperimental>>"
components/download/content/public/all_download_item_notifier.h,FALSE,std::set,1,96,"std::set<raw_ptr<DownloadItem, SetExperimental>>"
components/download/internal/common/download_file_unittest.cc,TRUE,std::vector,1,557,std::vector<raw_ptr<StrictMock<MockInputStream>>>
components/download/internal/common/download_item_impl_unittest.cc,TRUE,std::map,0,410,"std::map<DownloadItem*, std::unique_ptr<DownloadItem>>"
components/download/public/common/all_download_event_notifier.h,FALSE,std::set,1,75,"std::set<raw_ptr<DownloadItem, SetExperimental>>"
components/download/public/common/android/auto_resumption_handler.h,FALSE,std::set,1,117,"std::set<raw_ptr<download::DownloadItem, SetExperimental>>"
components/download/public/common/desktop/desktop_auto_resumption_handler.h,FALSE,std::map,0,34,"std::map<std::string, DownloadItem*>"
components/enterprise/data_controls/core/browser/data_controls_policy_handler_unittest.cc,TRUE,std::pair,0,504,"std::pair<const char*, const char16_t*>"
components/enterprise/net/core/enterprise_proxy_service.h,FALSE,base::flat_set,1,212,base::flat_set<raw_ptr<ProxyProvisioningDomainManager>>
components/error_page/content/browser/net_error_auto_reloader.h,FALSE,std::map,1,114,"std::map<raw_ptr<content::NavigationHandle, SetExperimental>, IsSuppressedErrorPage>"
components/exo/client_controlled_shell_surface.cc,FALSE,std::map,0,302,"std::map<aura::Window*, std::unique_ptr<aura::ScopedWindowEventTargetingBlocker>>"
components/exo/permission.h,FALSE,ui::ClassProperty,0,47,ui::ClassProperty<Permission*>
components/exo/pointer.h,FALSE,base::flat_map,1,254,"base::flat_map<Surface*, raw_ptr<PointerConstraintDelegate, CtnExperimental>>"
components/exo/server/wayland_server_controller.h,FALSE,base::flat_map,0,94,"base::flat_map<WaylandServerHandle*, std::unique_ptr<wayland::Server>>"
components/exo/shell_surface_unittest.cc,TRUE,std::vector,1,4026,"std::vector<raw_ptr<aura::Window, VectorExperimental>>"
components/exo/surface.h,FALSE,ui::ClassProperty,0,89,ui::ClassProperty<std::string*>
components/exo/touch.h,FALSE,base::flat_map,1,69,"base::flat_map<int, raw_ptr<Surface, CtnExperimental>>"
components/exo/touch.h,FALSE,base::flat_map,0,73,"base::flat_map<Surface*, int>"
components/exo/ui_lock_controller.h,FALSE,base::flat_set,1,86,base::flat_set<raw_ptr<Pointer>>
components/exo/vsync_timing_manager.h,FALSE,std::vector,1,76,"std::vector<raw_ptr<Observer, VectorExperimental>>"
components/exo/wayland/client_tracker.h,FALSE,base::flat_map,0,66,"base::flat_map<wl_client*, std::unique_ptr<ClientListener>>"
components/exo/wayland/server_util.cc,FALSE,base::flat_map,0,36,"base::flat_map<wl_display*, SecurityDelegate*>"
components/exo/wayland/wayland_display_output.h,FALSE,base::flat_map,1,81,"base::flat_map<wl_client*, raw_ptr<wl_resource, CtnExperimental>>"
components/exo/wayland/wayland_dmabuf_feedback_manager.cc,FALSE,std::set,1,273,"std::set< raw_ptr<WaylandDmabufSurfaceFeedbackResourceWrapper, SetExperimental>>"
components/exo/wayland/wayland_dmabuf_feedback_manager.h,FALSE,base::flat_map,0,82,"base::flat_map<Surface*, std::unique_ptr<WaylandDmabufSurfaceFeedback>>"
components/exo/wayland/wayland_dmabuf_feedback_manager.h,FALSE,std::map,0,84,"std::map<Surface*, ScanoutReasonFlags>"
components/exo/wayland/zaura_output_manager_v2.h,FALSE,std::unordered_set,1,85,"std::unordered_set<raw_ptr<wl_resource, CtnExperimental>>"
components/exo/wayland/zcr_remote_shell_impl.h,FALSE,base::flat_map,0,180,"base::flat_map<wl_resource*, BoundsChangeData>"
components/exo/wayland/zcr_ui_controls.cc,FALSE,std::map,0,52,"std::map<wl_resource*, std::set<uint32_t>>"
components/exo/window_properties.h,FALSE,ui::ClassProperty,0,18,ui::ClassProperty<std::string*>
components/exo/window_properties.h,FALSE,ui::ClassProperty,0,26,ui::ClassProperty<ProtectedNativePixmapQueryDelegate*>
components/facilitated_payments/content/browser/content_facilitated_payments_driver_factory.h,FALSE,base::flat_map,0,74,"base::flat_map<content::RenderFrameHost*, std::unique_ptr<ContentFacilitatedPaymentsDriver>>"
components/fcm/fcm_driver.h,FALSE,std::map,1,32,"std::map<std::string, raw_ptr<FcmAppHandler>>"
components/feature_engagement/internal/chrome_variations_configuration_unittest.cc,TRUE,std::map,0,210,"std::map<std::string, base::FieldTrial*>"
components/feature_engagement/test/scoped_iph_feature_list.h,FALSE,std::set,1,91,"std::set<raw_ptr<const base::Feature, SetExperimental>>"
components/feed/core/v2/stream_model/feature_tree.h,FALSE,std::vector,1,51,"std::vector<raw_ptr<const feedstore::Content, VectorExperimental>>"
components/feed/core/v2/xsurface_datastore.h,FALSE,std::vector,1,107,std::vector<raw_ptr<XsurfaceDatastoreDataReader>>
components/global_media_controls/media_item_manager_impl.h,FALSE,base::flat_set,1,79,"base::flat_set<raw_ptr<MediaItemProducer, CtnExperimental>>"
components/global_media_controls/public/media_item_ui_observer_set.h,FALSE,std::map,1,41,"std::map<std::string, raw_ptr<MediaItemUI, CtnExperimental>>"
components/global_media_controls/public/views/media_item_ui_detailed_view.h,FALSE,std::vector,1,208,"std::vector<raw_ptr<views::Button, VectorExperimental>>"
components/global_media_controls/public/views/media_item_ui_detailed_view.h,FALSE,base::flat_map,1,255,"base::flat_map<int, raw_ptr<ChapterItemView, CtnExperimental>>"
components/global_media_controls/public/views/media_item_ui_list_view.h,FALSE,std::map,1,72,"std::map<const std::string, raw_ptr<MediaItemUIView, CtnExperimental>>"
components/global_media_controls/public/views/media_item_ui_list_view.h,FALSE,std::map,1,73,"std::map<const std::string, raw_ptr<MediaItemUIUpdatedView, CtnExperimental>>"
components/global_media_controls/public/views/media_item_ui_updated_view.h,FALSE,std::vector,1,216,std::vector<raw_ptr<MediaActionButton>>
components/guest_view/browser/guest_view_manager.h,FALSE,std::map,0,252,"std::map<content::FrameTreeNodeId, GuestViewBase*>"
components/gwp_asan/client/extreme_lightweight_detector_quarantine.h,FALSE,std::atomic,0,202,std::atomic<ToBeFreedArray*>
components/heap_profiling/multi_process/client_connection_manager.h,FALSE,std::unordered_set,1,148,"std::unordered_set<raw_ptr<void, CtnExperimental>>"
components/heap_profiling/multi_process/test_driver.h,TRUE,std::vector,1,126,std::vector<raw_ptr<char>>
components/history/core/browser/expire_history_backend.h,FALSE,base::queue,1,310,"base::queue<raw_ptr<const ExpiringVisitsReader, CtnExperimental>>"
components/history/core/browser/web_history_service.h,FALSE,std::map,0,264,"std::map<Request*, std::unique_ptr<Request>>"
components/history/core/browser/web_history_service.h,FALSE,std::map,0,268,"std::map<Request*, std::unique_ptr<Request>>"
components/history/core/browser/web_history_service.h,FALSE,std::map,0,273,"std::map<Request*, std::unique_ptr<Request>>"
components/history_embeddings/content/history_embeddings_service.h,FALSE,base::flat_map,0,349,"base::flat_map<content::WebContents*, VisitMetadata>"
components/image_fetcher/core/image_data_fetcher.h,FALSE,std::map,0,99,"std::map<const network::SimpleURLLoader*, std::unique_ptr<ImageDataFetcherRequest>>"
components/infobars/core/infobar_container_with_priority_unittest.cc,TRUE,std::vector,1,122,std::vector<raw_ptr<InfoBar>>
components/input/cursor_manager.h,FALSE,std::map,0,79,"std::map<RenderWidgetHostViewInput*, ui::Cursor>"
components/input/render_widget_targeter.h,FALSE,std::unordered_set,1,238,std::unordered_set<raw_ptr<RenderWidgetHostViewInput>>
components/invalidation/invalidation_listener_impl.h,FALSE,std::map,1,116,"std::map<std::string, raw_ptr<Observer, CtnExperimental>>"
components/keyed_service/core/dependency_graph.h,FALSE,std::vector,1,62,"std::vector<raw_ptr<DependencyNode, VectorExperimental>>"
components/keyed_service/core/dependency_graph.h,FALSE,std::vector,1,69,"std::vector<raw_ptr<DependencyNode, VectorExperimental>>"
components/keyed_service/core/dependency_manager.h,FALSE,std::set,1,133,"std::set<raw_ptr<void, SetExperimental>>"
components/keyed_service/core/simple_key_map.h,FALSE,std::map,1,57,"std::map<raw_ptr<content::BrowserContext>, raw_ptr<SimpleFactoryKey, CtnExperimental>>"
components/live_caption/views/caption_bubble.cc,FALSE,std::vector,1,322,"std::vector<raw_ptr<views::View, VectorExperimental>>"
components/live_caption/views/translation_view_wrapper_base.h,FALSE,std::vector,1,156,std::vector<raw_ptr<LanguageButton>>
components/media_router/browser/presentation/presentation_service_delegate_observers.h,FALSE,std::map,1,37,"std::map< content::GlobalRenderFrameHostId, raw_ptr<content::PresentationServiceDelegate::Observer, CtnExperimental>>"
components/metrics/call_stacks/call_stack_profile_builder.h,FALSE,std::map,0,139,"std::map<const CallStackProfile::Stack*, int, StackComparer>"
components/metrics/call_stacks/call_stack_profile_builder.h,FALSE,std::unordered_map,0,142,"std::unordered_map<const base::ModuleCache::Module*, size_t>"
components/metrics/call_stacks/call_stack_profile_builder.h,FALSE,std::vector,1,145,"std::vector<raw_ptr<const base::ModuleCache::Module, VectorExperimental>>"
components/metrics/file_metrics_provider_unittest.cc,TRUE,std::array,0,344,"std::array<base::HistogramBase*, kMaxCreateHistograms>"
components/metrics/metrics_reporting_choice_service.h,FALSE,std::map,0,78,"std::map<PrefService*, MonitoredProfileInfo>"
components/metrics/metrics_service_observer.h,FALSE,base::flat_map,1,164,"base::flat_map<std::string_view, raw_ptr<Log, CtnExperimental>>"
components/offline_items_collection/core/offline_content_aggregator.h,FALSE,std::set,1,113,"std::set<raw_ptr<OfflineContentProvider, SetExperimental>>"
components/omnibox/browser/autocomplete_provider.h,FALSE,std::vector,1,389,"std::vector<raw_ptr<AutocompleteProviderListener, VectorExperimental>>"
components/optimization_guide/content/browser/page_content_metadata_observer.h,FALSE,base::flat_map,0,141,"base::flat_map<content::RenderFrameHost*, FrameData>"
components/optimization_guide/content/browser/page_text_observer.h,FALSE,std::set,1,111,"std::set<raw_ptr<Consumer, SetExperimental>>"
components/optimization_guide/content/browser/page_text_observer_unittest.cc,TRUE,std::map,0,211,"std::map<content::RenderFrameHost*, bool>"
components/optimization_guide/core/model_execution/on_device_model_service_controller_unittest.cc,TRUE,std::vector,0,158,std::vector<FakeAdaptationAsset*>
components/page_content_annotations/content/page_context_fetcher_manager.h,FALSE,base::flat_map,0,47,"base::flat_map<PageContextFetcher*, std::unique_ptr<PageContextFetcher>>"
components/page_content_annotations/content/page_embeddings_service.h,FALSE,std::map,0,209,"std::map<Observer*, Priority>"
components/page_content_annotations/content/page_embeddings_service.h,FALSE,std::map,0,215,"std::map<content::WebContents*, WebContentsState>"
components/page_content_annotations/core/on_device_category_classifier_unittest.cc,TRUE,base::flat_map,0,64,"base::flat_map<optimization_guide::proto::OptimizationTarget, optimization_guide::OptimizationTargetModelObserver*>"
components/page_load_metrics/browser/metrics_web_contents_observer.h,FALSE,std::map,0,381,"std::map<content::NavigationHandle*, std::unique_ptr<PageLoadTracker>>"
components/page_load_metrics/browser/metrics_web_contents_observer.h,FALSE,base::flat_map,0,397,"base::flat_map<content::RenderFrameHost*, std::unique_ptr<PageLoadTracker>>"
components/page_load_metrics/browser/metrics_web_contents_observer.h,FALSE,base::flat_map,0,403,"base::flat_map<content::RenderFrameHost*, std::unique_ptr<PageLoadTracker>>"
components/page_load_metrics/browser/observers/performance_manager_metrics_observer.cc,FALSE,absl::flat_hash_map,0,82,"absl::flat_hash_map<const PageNode*, base::OnceCallback<void(base::TimeTicks)>>"
components/page_load_metrics/browser/observers/third_party_metrics_observer.h,FALSE,base::flat_map,0,143,"base::flat_map<content::RenderFrameHost*, TimingEventTypeEnumSet>"
components/page_load_metrics/browser/page_load_tracker.h,FALSE,base::flat_map,1,578,"base::flat_map<const char*, raw_ptr<PageLoadMetricsObserverInterface>>"
components/page_load_metrics/renderer/page_timing_metrics_sender.h,FALSE,base::flat_set,1,170,"base::flat_set<raw_ptr<PageResourceDataUse, CtnExperimental>>"
components/password_manager/content/browser/content_password_manager_driver_factory.h,FALSE,std::map,0,78,"std::map<content::RenderFrameHost*, ContentPasswordManagerDriver>"
components/password_manager/core/browser/actor_login/internal/actor_login_form_finder.h,FALSE,std::vector,0,54,std::vector<password_manager::PasswordFormManager*>
components/password_manager/core/browser/form_fetcher_impl.h,FALSE,base::flat_map,0,129,"base::flat_map<PasswordStoreInterface*, std::unique_ptr<HttpPasswordStoreMigrator>>"
components/payments/content/android/payment_app_service_bridge.cc,FALSE,std::map,0,182,"std::map<PaymentAppServiceBridge*, std::unique_ptr<PaymentAppServiceBridge>>"
components/payments/content/payment_manifest_downloader.h,FALSE,std::map,0,231,"std::map<const network::SimpleURLLoader*, std::unique_ptr<Download>>"
components/payments/content/payment_request_state.h,FALSE,std::vector,1,413,"std::vector<raw_ptr<autofill::AutofillProfile, VectorExperimental>>"
components/payments/content/payment_request_state.h,FALSE,std::vector,1,415,"std::vector<raw_ptr<autofill::AutofillProfile, VectorExperimental>>"
components/payments/content/secure_payment_confirmation_model.h,FALSE,std::vector,1,182,std::vector<raw_ptr<PaymentApp::PaymentEntityLogo>>
components/payments/content/service_worker_payment_app_factory.cc,FALSE,std::map,0,165,"std::map<PaymentApp*, std::unique_ptr<PaymentApp>>"
components/performance_manager/execution_context/execution_context_registry_impl.h,FALSE,std::unordered_set,1,95,"std::unordered_set<raw_ptr<const ExecutionContext, CtnExperimental>, ExecutionContextHash, ExecutionContextKeyEqual>"
components/performance_manager/execution_context_priority/closing_page_voter.h,FALSE,absl::flat_hash_set,1,61,absl::flat_hash_set<raw_ptr<const PageNode>>
components/performance_manager/execution_context_priority/force_foreground_voter_for_urls.h,FALSE,base::flat_set,1,98,base::flat_set<raw_ptr<const execution_context::ExecutionContext>>
components/performance_manager/execution_context_priority/inherit_client_priority_voter.h,FALSE,base::flat_map,0,74,"base::flat_map<const ExecutionContext*, OptionalVotingChannel>"
components/performance_manager/freezing/freezing_policy.h,FALSE,base::flat_set,1,123,base::flat_set<raw_ptr<const PageNode>>
components/performance_manager/freezing/freezing_policy.h,FALSE,std::deque,1,326,std::deque<raw_ptr<const PageNode>>
components/performance_manager/graph/graph_impl.cc,FALSE,base::flat_map,0,71,"base::flat_map<const NodeDataDescriber*, std::string>"
components/performance_manager/graph/graph_impl.h,FALSE,OwnedObjects,0,248,"OwnedObjects<GraphOwned, /* CallbackArgType = */ Graph*, &GraphOwned::PassToGraphImpl, &GraphOwned::TakeFromGraphImpl>"
components/performance_manager/graph/node_attached_data_storage.h,FALSE,std::map,0,40,"std::map<const void*, std::unique_ptr<NodeAttachedData>>"
components/performance_manager/performance_manager_registry_impl.h,FALSE,base::flat_set,1,123,"base::flat_set<raw_ptr<content::WebContents, CtnExperimental>>"
components/performance_manager/performance_manager_registry_impl.h,FALSE,base::flat_set,1,125,"base::flat_set<raw_ptr<content::RenderProcessHost, CtnExperimental>>"
components/performance_manager/performance_manager_registry_impl.h,FALSE,base::flat_map,0,129,"base::flat_map<content::BrowserContext*, std::unique_ptr<ServiceWorkerContextAdapterImpl>>"
components/performance_manager/performance_manager_registry_impl.h,FALSE,base::flat_map,0,134,"base::flat_map<content::BrowserContext*, std::unique_ptr<WorkerWatcher>>"
components/performance_manager/performance_manager_tab_helper.h,FALSE,std::map,0,190,"std::map<content::RenderFrameHost*, std::unique_ptr<FrameNodeImpl>>"
components/performance_manager/persistence/site_data/site_data_cache_factory.h,FALSE,base::flat_map,1,95,"base::flat_map<base::UnguessableToken, raw_ptr<SiteDataCacheInspector, CtnExperimental>>"
components/performance_manager/public/execution_context_priority/max_vote_aggregator.h,FALSE,std::map,1,116,"std::map<VoterId, raw_ptr<base::HeapHandle, CtnExperimental>>"
components/performance_manager/public/user_tuning/tab_revisit_tracker.h,FALSE,std::map,0,92,"std::map<const TabPageDecorator::TabHandle*, StateBundle>"
components/performance_manager/public/user_tuning/tab_revisit_tracker.h,FALSE,std::map,0,93,"std::map<const TabPageDecorator::TabHandle*, std::unique_ptr<UkmSourceIdReadyRecorder>>"
components/performance_manager/public/voting/optional_voting_channel.h,FALSE,std::map,0,64,"std::map<const ContextType*, std::optional<VoteImpl>>"
components/performance_manager/public/voting/voting.h,FALSE,base::flat_map,0,165,"base::flat_map<const ContextType*, VoteImpl>"
components/performance_manager/registered_objects.h,FALSE,base::flat_set,1,83,"base::flat_set<raw_ptr<RegisteredType, CtnExperimental>, RegisteredComparator>"
components/performance_manager/resource_attribution/cpu_measurement_monitor.h,FALSE,absl::flat_hash_map,1,215,"absl::flat_hash_map<OriginInBrowsingInstanceContext, raw_ptr<ScopedCPUTimeResult>>"
components/performance_manager/tab_helper_frame_node_source.h,FALSE,base::flat_map,0,60,"base::flat_map<FrameNodeImpl*, OnbeforeFrameNodeRemovedCallback>"
components/performance_manager/tab_helper_frame_node_source.h,FALSE,base::flat_map,0,65,"base::flat_map<PerformanceManagerTabHelper*, base::flat_set<raw_ptr<FrameNodeImpl, CtnExperimental>>>"
components/performance_manager/test_support/performance_manager_browsertest_harness.h,TRUE,std::set,1,96,std::set<raw_ptr<content::BrowserContext>>
components/performance_manager/test_support/resource_attribution/measurement_delegates.h,FALSE,std::map,1,104,"std::map<const performance_manager::ProcessNode*, raw_ptr<SimulatedCPUMeasurementDelegate, CtnExperimental>>"
components/performance_manager/test_support/resource_attribution/measurement_delegates.h,FALSE,std::map,0,110,"std::map<const performance_manager::ProcessNode*, std::unique_ptr<SimulatedCPUMeasurementDelegate>>"
components/performance_manager/v8_memory/v8_detailed_memory_decorator.cc,FALSE,std::vector,1,69,"std::vector<raw_ptr<V8DetailedMemoryRequest, VectorExperimental>>"
components/performance_manager/v8_memory/v8_detailed_memory_decorator.cc,FALSE,std::vector,1,71,"std::vector<raw_ptr<V8DetailedMemoryRequest, VectorExperimental>>"
components/performance_manager/worker_watcher.h,FALSE,base::flat_map,0,280,"base::flat_map<WorkerNodeImpl*, int>"
components/performance_manager/worker_watcher.h,FALSE,base::flat_map,0,284,"base::flat_map<WorkerNodeImpl*, base::flat_set<content::ServiceWorkerClientInfo>>"
components/permissions/bluetooth_delegate_impl.h,FALSE,std::list,1,165,"std::list<raw_ptr<FramePermissionObserver, CtnExperimental>>"
components/permissions/bluetooth_delegate_impl.h,FALSE,std::map,0,175,"std::map<content::RenderFrameHost*, std::unique_ptr<ChooserContextPermissionObserver>>"
components/permissions/permission_request_manager.h,FALSE,std::map,1,575,"std::map<base::raw_ref<PermissionRequest>, PermissionRequestSource>"
components/permissions/permission_request_manager.h,FALSE,std::vector,1,582,std::vector<base::raw_ref<PermissionRequest>>
components/permissions/permission_request_manager.h,FALSE,std::map,0,705,"std::map<PermissionRequest*, ContentSetting>"
components/permissions/test/mock_permission_prompt_factory.h,FALSE,std::vector,1,97,"std::vector<raw_ptr<MockPermissionPrompt, VectorExperimental>>"
components/plus_addresses/core/browser/metrics/plus_address_submission_logger.h,FALSE,base::flat_map,0,86,"base::flat_map<autofill::AutofillManager*, base::flat_map<autofill::FieldGlobalId, Record>>"
components/policy/core/common/cloud/external_policy_data_fetcher_unittest.cc,TRUE,std::map,1,66,"std::map<int, raw_ptr<ExternalPolicyDataFetcher::Job, CtnExperimental>>"
components/policy/core/common/management/management_service.h,FALSE,std::variant,1,113,"std::variant<raw_ptr<PrefService, DanglingUntriaged>, scoped_refptr<PersistentPrefStore>>"
components/policy/core/common/policy_service_impl.h,FALSE,std::set,1,218,"std::set<raw_ptr<ConfigurationPolicyProvider, SetExperimental>>"
components/policy/core/common/policy_service_impl.h,FALSE,std::set,1,235,"std::set<raw_ptr<ConfigurationPolicyProvider, SetExperimental>>"
components/policy/core/common/schema_registry.h,FALSE,std::set,1,134,"std::set<raw_ptr<SchemaRegistry, SetExperimental>>"
components/power_bookmarks/core/bookmark_client_base.h,FALSE,std::vector,1,103,std::vector<raw_ptr<SuggestedSaveLocationProvider>>
components/power_bookmarks/core/power_bookmark_service.h,FALSE,std::vector,1,56,"std::vector<raw_ptr<PowerBookmarkDataProvider, VectorExperimental>>"
components/previous_session_info/previous_session_info.h,FALSE,NSDictionary,0,128,"NSDictionary<NSString*, NSString*>"
components/previous_session_info/previous_session_info_private.h,FALSE,NSMutableSet,0,24,NSMutableSet<NSString*>
components/previous_session_info/previous_session_info_private.h,FALSE,NSDictionary,0,25,"NSDictionary<NSString*, NSString*>"
components/printing/browser/print_composite_client.h,FALSE,base::flat_set,1,168,"base::flat_set<raw_ptr<content::RenderFrameHost, CtnExperimental>>"
components/printing/browser/print_composite_client.h,FALSE,base::flat_set,1,172,"base::flat_set<raw_ptr<content::RenderFrameHost, CtnExperimental>>"
components/printing/browser/print_composite_client.h,FALSE,std::map,0,196,"std::map<content::RenderFrameHost*, mojo::AssociatedRemote<mojom::PrintRenderFrame>>"
components/printing/browser/print_manager.h,FALSE,std::map,0,113,"std::map<content::RenderFrameHost*, mojo::AssociatedRemote<printing::mojom::PrintRenderFrame>>"
components/printing/test/print_render_frame_helper_browsertest.cc,TRUE,std::map,0,687,"std::map<content::RenderFrame*, std::unique_ptr<TestPrintManagerHost>>"
components/private_ai/client_impl_integration_test.cc,TRUE,std::vector,1,103,std::vector<raw_ptr<FakeSecureChannel>>
components/private_ai/connection_manager.h,FALSE,base::flat_map,0,69,"base::flat_map<Connection*, std::unique_ptr<Connection>>"
components/push_notification/push_notification_client_manager.h,FALSE,base::flat_map,1,56,"base::flat_map<ClientId, raw_ptr<PushNotificationClient, CtnExperimental>>"
components/regional_capabilities/regional_capabilities_service.h,FALSE,std::optional,1,269,std::optional<raw_ref<const ProgramSettings>>
components/regional_capabilities/regional_capabilities_utils.h,FALSE,std::vector,1,108,std::vector<raw_ptr<const TemplateURLPrepopulateData::PrepopulatedEngine>>
components/regional_capabilities/regional_capabilities_utils.h,FALSE,std::vector,1,110,std::vector<raw_ptr<const TemplateURLPrepopulateData::PrepopulatedEngine>>
components/regional_capabilities/regional_capabilities_utils_unittest.cc,TRUE,std::vector,1,27,std::vector<raw_ptr<const PrepopulatedEngine>>
components/regional_capabilities/regional_capabilities_utils_unittest.cc,TRUE,std::vector,1,33,std::vector<raw_ptr<const PrepopulatedEngine>>
components/remote_cocoa/app_shim/immersive_mode_controller_cocoa.h,FALSE,std::set,0,209,std::set<NSWindow*>
components/remote_cocoa/app_shim/native_widget_ns_window_bridge.h,FALSE,std::vector,0,456,std::vector<NativeWidgetNSWindowBridge*>
components/safe_browsing/content/browser/password_protection/password_protection_request_content.h,FALSE,std::set,1,167,"std::set<raw_ptr<PasswordProtectionCommitDeferringCondition, SetExperimental>>"
components/safe_browsing/content/browser/safe_browsing_navigation_observer_manager.h,FALSE,base::flat_map,0,196,"base::flat_map<content::NavigationHandle*, std::unique_ptr<NavigationEvent>>"
components/safe_browsing/content/common/file_type_policies.h,FALSE,std::map,1,183,"std::map<std::string, raw_ptr<const DownloadFileType, CtnExperimental>>"
components/safe_browsing/core/browser/client_side_detection_service_base.h,FALSE,std::map,0,310,"std::map<const network::SimpleURLLoader*, std::unique_ptr<ClientPhishingReportInfo>>"
components/safe_browsing/core/browser/db/sb_database_unittest.cc,TRUE,std::unordered_map,1,275,"std::unordered_map<ListIdentifier, raw_ptr<SBStore, CtnExperimental>>"
components/safe_browsing/core/browser/safe_browsing_url_checker_impl_unittest.cc,TRUE,base::flat_map,1,220,"base::flat_map<std::string, raw_ptr<Client, CtnExperimental>>"
components/safe_browsing/core/browser/tailored_security_service/tailored_security_service.h,FALSE,std::map,0,228,"std::map<Request*, std::unique_ptr<Request>>"
components/safe_browsing/core/browser/tailored_security_service/tailored_security_service_unittest.cc,TRUE,std::map,0,118,"std::map<Request*, std::string>"
components/safe_browsing/core/browser/web_ui/web_ui_info_singleton.h,FALSE,std::vector,1,438,"std::vector<raw_ptr<WebUIInfoSingletonEventObserver, VectorExperimental>>"
components/search_engines/template_url_data.h,FALSE,base::flat_map,1,247,"base::flat_map<RegulatoryExtensionType, raw_ptr<const RegulatoryExtension, CtnExperimental>>"
components/search_engines/template_url_prepopulate_data_unittest.cc,TRUE,std::vector,1,1049,std::vector<raw_ptr<const PrepopulatedEngine>>
components/search_engines/template_url_prepopulate_data_unittest.cc,TRUE,std::vector,1,1055,std::vector<raw_ptr<const PrepopulatedEngine>>
components/search_engines/template_url_prepopulate_data_unittest.cc,TRUE,std::vector,1,1057,std::vector<raw_ptr<const PrepopulatedEngine>>
components/search_engines/template_url_prepopulate_data_unittest.cc,TRUE,std::vector,1,1064,std::vector<raw_ptr<const PrepopulatedEngine>>
components/search_engines/template_url_prepopulate_data_unittest.cc,TRUE,base::flat_map,1,1717,"base::flat_map<int, raw_ptr<const TemplateURLPrepopulateData::PrepopulatedEngine>>"
components/search_engines/template_url_service.h,FALSE,base::flat_map,1,990,"base::flat_map<std::u16string, raw_ptr<TemplateURL, CtnExperimental>>"
components/segmentation_platform/internal/execution/mock_model_provider.h,FALSE,std::map,0,85,"std::map<proto::SegmentId, MockModelProvider*>"
components/segmentation_platform/internal/execution/mock_model_provider.h,FALSE,std::map,0,89,"std::map<proto::SegmentId, MockDefaultModelProvider*>"
components/segmentation_platform/internal/scheduler/model_execution_scheduler_impl.h,FALSE,std::vector,1,72,"std::vector<raw_ptr<Observer, VectorExperimental>>"
components/segmentation_platform/internal/signals/url_signal_handler.h,FALSE,base::flat_set,1,89,base::flat_set<raw_ptr<HistoryDelegate>>
components/services/app_service/public/cpp/app_capability_access_cache.h,FALSE,std::map,1,190,"std::map<std::string, raw_ptr<CapabilityAccess, CtnExperimental>>"
components/services/app_service/public/cpp/app_capability_access_cache_wrapper.h,FALSE,std::map,1,48,"std::map<AccountId, raw_ptr<AppCapabilityAccessCache, CtnExperimental>>"
components/services/app_service/public/cpp/app_registry_cache.h,FALSE,std::map,1,288,"std::map<std::string, raw_ptr<App, CtnExperimental>, std::less<>>"
components/services/app_service/public/cpp/app_registry_cache_wrapper.h,FALSE,std::map,1,56,"std::map<AccountId, raw_ptr<AppRegistryCache, CtnExperimental>>"
components/services/app_service/public/cpp/app_service_registry.h,FALSE,std::map,0,45,"std::map<AccountId, AppService*>"
components/services/app_service/public/cpp/instance_registry.h,FALSE,std::optional,0,42,std::optional<content::BrowserContext*>
components/services/app_service/public/cpp/instance_registry.h,FALSE,std::map,0,262,"std::map<const aura::Window*, InstanceIds>"
components/services/app_service/public/cpp/instance_registry.h,FALSE,std::map,1,269,"std::map<const base::UnguessableToken, raw_ptr<aura::Window, CtnExperimental>>"
components/services/app_service/public/cpp/instance_registry_unittest.cc,TRUE,std::set,1,78,"std::set<raw_ptr<const aura::Window, SetExperimental>>"
components/services/font/public/cpp/font_service_thread.h,FALSE,std::set,1,202,"std::set<raw_ptr<base::WaitableEvent, SetExperimental>>"
components/services/storage/dom_storage/async_dom_storage_database.h,FALSE,std::set,1,151,std::set<raw_ptr<Committer>>
components/services/storage/dom_storage/session_storage_impl.h,FALSE,std::map,1,223,"std::map</*map_id=*/int64_t, raw_ptr<SessionStorageDataMap, CtnExperimental>>"
components/services/storage/indexed_db/transactional_leveldb/transactional_leveldb_database.h,FALSE,base::flat_set,1,149,"base::flat_set<raw_ptr<TransactionalLevelDBIterator, CtnExperimental>>"
components/services/storage/indexed_db/transactional_leveldb/transactional_leveldb_database.h,FALSE,std::set,1,151,"std::set<raw_ptr<TransactionalLevelDBIterator, SetExperimental>>"
components/services/storage/indexed_db/transactional_leveldb/transactional_leveldb_database.h,FALSE,base::HashingLRUCache,0,172,"base::HashingLRUCache<TransactionalLevelDBIterator*, DetachIteratorOnDestruct>"
components/services/storage/indexed_db/transactional_leveldb/transactional_leveldb_transaction.h,FALSE,base::flat_set,1,128,"base::flat_set<raw_ptr<TransactionalLevelDBIterator, CtnExperimental>>"
components/services/storage/indexed_db/transactional_leveldb/transactional_leveldb_transaction.h,FALSE,std::set,1,130,"std::set<raw_ptr<TransactionalLevelDBIterator, SetExperimental>>"
components/services/storage/service_worker/service_worker_disk_cache.h,FALSE,std::set,1,132,std::set<raw_ptr<ServiceWorkerDiskCacheEntry>>
components/services/storage/storage_service_impl.h,FALSE,std::map,1,99,"std::map<base::FilePath, raw_ptr<LocalStorageImpl, CtnExperimental>>"
components/services/storage/storage_service_impl.h,FALSE,std::map,1,101,"std::map<base::FilePath, raw_ptr<SessionStorageImpl, CtnExperimental>>"
components/sessions/core/tab_restore_service_helper.h,FALSE,std::set,1,301,"std::set<raw_ptr<LiveTabContext, SetExperimental>>"
components/sharing_message/fake_sharing_handler_registry.h,FALSE,std::map,1,38,"std::map<components_sharing_message::SharingMessage::PayloadCase, raw_ptr<SharingMessageHandler, CtnExperimental>>"
components/signin/internal/identity_manager/fake_account_fetcher_factory.h,FALSE,std::map,0,64,"std::map<CoreAccountId, FakeAccountCapabilitiesFetcher*>"
components/subresource_filter/content/browser/content_subresource_filter_throttle_manager.h,FALSE,std::map,0,356,"std::map<content::RenderFrameHost*, std::unique_ptr<AsyncDocumentSubresourceFilter>>"
components/subresource_filter/content/browser/content_subresource_filter_throttle_manager.h,FALSE,std::map,1,364,"std::map<int64_t, raw_ptr<ActivationStateComputingNavigationThrottle, CtnExperimental>>"
components/subresource_filter/content/browser/content_subresource_filter_throttle_manager_unittest.cc,TRUE,std::map,0,434,"std::map<content::RenderFrameHost*, std::unique_ptr<FakeSubresourceFilterAgent>>"
components/subresource_filter/content/browser/content_subresource_filter_web_contents_helper.h,FALSE,base::flat_set,1,136,"base::flat_set< raw_ptr<ContentSubresourceFilterThrottleManager, CtnExperimental>>"
components/subresource_filter/content/browser/fake_safe_browsing_database_manager.h,FALSE,std::set,1,58,"std::set<raw_ptr<Client, SetExperimental>>"
components/subresource_filter/content/browser/ruleset_publisher_unittest.cc,TRUE,std::map,1,152,"std::map<content::RenderProcessHost*, raw_ptr<base::File, CtnExperimental>>"
components/subresource_filter/content/browser/subresource_filter_observer_test_utils.h,TRUE,std::map,0,81,"std::map<content::NavigationHandle*, mojom::ActivationLevel>"
components/subresource_filter/content/browser/subresource_filter_safe_browsing_client.h,FALSE,base::flat_map,0,81,"base::flat_map<SubresourceFilterSafeBrowsingClientRequest*, std::unique_ptr<SubresourceFilterSafeBrowsingClientRequest>>"
components/surface_embed/browser/surface_embed_plugin_browsertest.cc,TRUE,std::vector,1,123,std::vector<raw_ptr<SurfaceEmbedHost>>
components/sync/android/sync_feature_map.cc,FALSE,base::span,0,22,base::span<const base::Feature* const>
components/sync/engine/sync_scheduler_impl_unittest.cc,TRUE,base::AutoReset,0,490,base::AutoReset<SyncSchedulerImplTest*>
components/sync/service/glue/sync_engine_impl_unittest.cc,TRUE,raw_ptr,1,132,raw_ptr<raw_ptr<FakeSyncManager>>
components/sync/service/sync_service_impl_startup_unittest.cc,TRUE,std::map,1,199,"std::map<DataType, raw_ptr<FakeDataTypeController, CtnExperimental>>"
components/sync/service/sync_service_impl_unittest.cc,TRUE,std::map,1,344,"std::map<DataType, raw_ptr<FakeDataTypeController, CtnExperimental>>"
components/sync/test/mock_data_type_processor.h,FALSE,std::map,1,188,"std::map<ClientTagHash, raw_ptr<const UpdateResponseData, CtnExperimental>>"
components/sync_bookmarks/synced_bookmark_tracker.h,FALSE,std::unordered_map,1,278,"std::unordered_map<const bookmarks::BookmarkNode*, raw_ptr<SyncedBookmarkTrackerEntity, CtnExperimental>>"
components/sync_bookmarks/synced_bookmark_tracker.h,FALSE,std::vector,1,286,"std::vector<raw_ptr<SyncedBookmarkTrackerEntity, VectorExperimental>>"
components/sync_device_info/fake_device_info_tracker.h,FALSE,std::vector,1,78,"std::vector<raw_ptr<const DeviceInfo, VectorExperimental>>"
components/sync_sessions/synced_session_tracker.h,FALSE,std::map,1,264,"std::map<SessionID, raw_ptr<sessions::SessionTab, CtnExperimental>>"
components/sync_sessions/synced_session_tracker.h,FALSE,std::map,1,266,"std::map<SessionID, raw_ptr<SyncedSessionWindow, CtnExperimental>>"
components/sync_sessions/test_synced_window_delegates_getter.h,TRUE,std::vector,1,165,"std::vector<raw_ptr<SyncedTabDelegate, VectorExperimental>>"
components/tabs/public/tab_strip_collection.h,FALSE,std::unordered_map,1,217,"std::unordered_map<tab_groups::TabGroupId, raw_ptr<TabGroupTabCollection>, tab_groups::TabGroupIdHash>"
components/tabs/public/tab_strip_collection.h,FALSE,std::unordered_map,1,223,"std::unordered_map<split_tabs::SplitTabId, raw_ptr<SplitTabCollection>, split_tabs::SplitTabIdHash>"
components/ui_devtools/dom_agent.h,FALSE,std::unordered_map,1,120,"std::unordered_map<int, raw_ptr<UIElement, CtnExperimental>>"
components/ui_devtools/ui_element_unittest.cc,TRUE,std::vector,1,45,"std::vector<raw_ptr<UIElement, VectorExperimental>>"
components/ui_devtools/views/dom_agent_aura.h,FALSE,std::vector,1,49,"std::vector<raw_ptr<aura::Window, VectorExperimental>>"
components/ui_devtools/views/dom_agent_mac.h,FALSE,std::vector,0,48,std::vector<views::Widget*>
components/ukm/debug/ukm_debug_data_extractor.cc,FALSE,std::vector,1,40,"std::vector<raw_ptr<mojom::UkmEntry, VectorExperimental>>"
components/ukm/observers/ukm_consent_state_observer.h,FALSE,std::map,0,138,"std::map<syncer::SyncService*, ProfileState>"
components/ukm/observers/ukm_consent_state_observer.h,FALSE,std::map,0,146,"std::map< syncer::SyncService*, std::unique_ptr<unified_consent::UrlKeyedDataCollectionConsentHelper>>"
components/url_rewrite/browser/url_request_rewrite_rules_manager.h,FALSE,std::map,0,88,"std::map<content::WebContents*, std::unique_ptr<Updater>>"
components/user_education/common/feature_promo/impl/feature_promo_controller_impl.h,FALSE,std::set,1,413,std::set<raw_ref<const base::Feature>>
components/user_education/common/feature_promo/impl/feature_promo_queue_set_unittest.cc,TRUE,std::map,0,103,"std::map<const base::Feature*, PromoPriorityInfo>"
components/user_education/common/feature_promo/impl/precondition_list_provider.h,FALSE,std::vector,1,77,std::vector<raw_ptr<const PreconditionListProvider>>
components/user_education/common/feature_promo/impl/typed_data_collection.h,FALSE,std::map,1,254,"std::map<UntypedIdentifier, raw_ref<TypedDataBase>>"
components/user_education/common/help_bubble/help_bubble_factory_registry.h,FALSE,std::map,1,78,"std::map<raw_ptr<HelpBubble>, base::CallbackListSubscription>"
components/user_education/test/test_feature_promo_precondition.cc,TRUE,std::map,0,29,"std::map<const base::Feature*, FeaturePromoResult>"
components/user_education/test/test_feature_promo_precondition.h,TRUE,std::optional,1,73,std::optional<raw_ptr<const FeaturePromoSpecification>>
components/user_education/test/test_user_education_storage_service.h,TRUE,std::map,0,55,"std::map<const base::Feature*, FeaturePromoData>"
components/user_education/test/test_user_education_storage_service.h,TRUE,std::map,0,58,"std::map<const base::Feature*, NewBadgeData>"
components/user_education/views/help_bubble_view.h,FALSE,std::vector,1,141,"std::vector<raw_ptr<views::Label, VectorExperimental>>"
components/user_education/views/help_bubble_view.h,FALSE,std::vector,1,144,"std::vector<raw_ptr<views::MdTextButton, VectorExperimental>>"
components/value_store/test_value_store_factory.h,TRUE,std::map,1,57,"std::map<base::FilePath, raw_ptr<ValueStore, CtnExperimental>>"
components/visited_url_ranking/internal/url_grouping/group_suggestions_manager.h,FALSE,base::flat_map,0,84,"base::flat_map<GroupSuggestionsDelegate*, DelegateMetadata>"
components/visitedlink/test/visitedlink_unittest.cc,TRUE,std::vector,0,71,std::vector<VisitedLinkReader*>
components/viz/client/frame_eviction_manager.h,FALSE,std::map,0,134,"std::map<FrameEvictionManagerClient*, size_t>"
components/viz/common/frame_sinks/begin_frame_source.h,FALSE,base::flat_set,1,369,"base::flat_set<raw_ptr<BeginFrameObserver, CtnExperimental>>"
components/viz/common/frame_sinks/begin_frame_source.h,FALSE,base::flat_set,1,370,"base::flat_set<raw_ptr<BeginFrameObserver, CtnExperimental>>"
components/viz/common/frame_sinks/begin_frame_source.h,FALSE,base::flat_set,1,426,"base::flat_set<raw_ptr<BeginFrameObserver, CtnExperimental>>"
components/viz/common/frame_sinks/begin_frame_source.h,FALSE,base::flat_set,1,499,"base::flat_set<raw_ptr<BeginFrameObserver, CtnExperimental>>"
components/viz/host/client_frame_sink_video_capturer.h,FALSE,std::vector,1,167,"std::vector<raw_ptr<Overlay, VectorExperimental>>"
components/viz/service/debugger/viz_debugger.h,FALSE,std::vector,1,258,std::vector<raw_ptr<StaticSource>>
components/viz/service/display/bsp_tree_perftest.cc,TRUE,std::vector,1,135,std::vector<raw_ptr<cc::LayerImpl>>
components/viz/service/display/direct_renderer.h,FALSE,base::flat_map,1,362,"base::flat_map<AggregatedRenderPassId, raw_ptr<const DrawQuad, CtnExperimental>>"
components/viz/service/display/overlay_processor_win.h,FALSE,base::flat_set,1,133,base::flat_set<raw_ref<AggregatedRenderPass>>
components/viz/service/display/overlay_processor_win.h,FALSE,std::vector,1,135,std::vector<raw_ref<const AggregatedRenderPassDrawQuad>>
components/viz/service/display/resolved_frame_data.h,FALSE,base::flat_set,1,84,"base::flat_set<raw_ptr<ResolvedPassData, CtnExperimental>>"
components/viz/service/display/resolved_frame_data.h,FALSE,base::flat_map,1,391,"base::flat_map<CompositorRenderPassId, raw_ptr<ResolvedPassData, CtnExperimental>>"
components/viz/service/display/surface_aggregator_unittest.cc,TRUE,std::map,0,1238,"std::map<TestVizClient*, bool>"
components/viz/service/display_embedder/image_context_impl.h,FALSE,std::vector,1,146,std::vector<raw_ptr<GrPromiseImageTexture>>
components/viz/service/display_embedder/output_device_backing.h,FALSE,std::vector,1,80,"std::vector<raw_ptr<Client, VectorExperimental>>"
components/viz/service/display_embedder/skia_output_device_buffer_queue_unittest.cc,TRUE,std::map,0,202,"std::map<gpu::Mailbox, gpu::TestImageBacking*>"
components/viz/service/display_embedder/skia_output_surface_impl.h,FALSE,std::vector,1,288,"std::vector<raw_ptr<ImageContextImpl, VectorExperimental>>"
components/viz/service/display_embedder/skia_output_surface_impl_on_gpu.h,FALSE,base::flat_set,1,558,"base::flat_set<raw_ptr<ImageContextImpl, CtnExperimental>>"
components/viz/service/display_embedder/skia_output_surface_impl_on_gpu.h,FALSE,base::flat_set,1,561,"base::flat_set<raw_ptr<ImageContextImpl, CtnExperimental>>"
components/viz/service/display_embedder/skia_output_surface_impl_on_gpu.h,FALSE,base::flat_set,1,601,"base::flat_set<raw_ptr<AsyncReadResultHelper, CtnExperimental>>"
components/viz/service/frame_sinks/compositor_frame_sink_support.h,FALSE,std::vector,1,450,"std::vector<raw_ptr<CapturableFrameSink::Client, VectorExperimental>>"
components/viz/service/frame_sinks/compositor_frame_sink_support.h,FALSE,base::flat_set,1,550,"base::flat_set<raw_ptr<Surface, CtnExperimental>>"
components/viz/service/frame_sinks/frame_sink_bundle_impl.h,FALSE,base::flat_map,0,113,"base::flat_map<BeginFrameSource*, std::unique_ptr<SinkGroup>>"
components/viz/service/frame_sinks/frame_sink_manager_impl.h,FALSE,base::flat_map,0,603,"base::flat_map<BeginFrameSource*, FrameSinkId>"
components/viz/service/frame_sinks/frame_sink_manager_impl.h,FALSE,base::flat_map,1,614,"base::flat_map<FrameSinkId, raw_ptr<CompositorFrameSinkSupport, CtnExperimental>>"
components/viz/service/frame_sinks/video_capture/shared_memory_video_frame_pool.h,FALSE,base::flat_map,0,78,"base::flat_map<const media::VideoFrame*, base::ReadOnlySharedMemoryRegion>"
components/viz/service/frame_sinks/video_detector_unittest.cc,TRUE,std::set,1,256,"std::set<raw_ptr<CompositorFrameSinkSupport, SetExperimental>>"
components/viz/service/performance_hint/hint_session.cc,FALSE,base::flat_set,1,199,"base::flat_set<raw_ptr<AdpfHintSession, CtnExperimental>>"
components/viz/service/surfaces/surface.h,FALSE,base::flat_set,1,422,"base::flat_set<raw_ptr<SurfaceAllocationGroup, CtnExperimental>>"
components/viz/service/surfaces/surface.h,FALSE,base::flat_set,1,442,"base::flat_set<raw_ptr<SurfaceAllocationGroup, CtnExperimental>>"
components/viz/service/surfaces/surface_allocation_group.h,FALSE,std::vector,1,166,"std::vector<raw_ptr<Surface, VectorExperimental>>"
components/viz/service/surfaces/surface_allocation_group.h,FALSE,base::flat_map,0,170,"base::flat_map<Surface*, SurfaceId>"
components/viz/service/surfaces/surface_allocation_group.h,FALSE,base::flat_set,1,174,"base::flat_set<raw_ptr<Surface, CtnExperimental>>"
components/viz/test/fake_external_begin_frame_source.h,FALSE,std::set,1,75,"std::set<raw_ptr<BeginFrameObserver, SetExperimental>>"
components/viz/test/fake_external_begin_frame_source.h,FALSE,base::flat_map,0,76,"base::flat_map<BeginFrameObserver*, int64_t>"
components/viz/test/test_gles2_interface.h,TRUE,std::vector,1,192,"std::vector<raw_ptr<TestGLES2Interface, VectorExperimental>>"
components/vrp_flags/vrp_flags_impl.h,FALSE,std::vector,1,60,std::vector<raw_ptr<uint64_t>>
components/webapps/isolated_web_apps/reading/reader_registry_unittest.cc,TRUE,base::AutoReset,0,193,base::AutoReset<web_package::SignedWebBundleSignatureVerifier*>
components/webapps/isolated_web_apps/reading/response_reader_factory_unittest.cc,TRUE,base::AutoReset,0,179,base::AutoReset<web_package::SignedWebBundleSignatureVerifier*>
components/webapps/isolated_web_apps/reading/signed_web_bundle_reader_unittest.cc,TRUE,base::AutoReset,0,136,base::AutoReset<web_package::SignedWebBundleSignatureVerifier*>
components/webapps/isolated_web_apps/reading/signed_web_bundle_reader_unittest.cc,TRUE,base::AutoReset,0,369,base::AutoReset<web_package::SignedWebBundleSignatureVerifier*>
components/webauthn/android/webauthn_cred_man_delegate_factory.h,FALSE,base::flat_map,0,56,"base::flat_map<content::RenderFrameHost*, std::unique_ptr<WebAuthnCredManDelegate>>"
components/webdata/common/web_data_request_manager.h,FALSE,std::atomic,0,79,std::atomic<WebDataRequestManager*>
components/webdata/common/web_data_request_manager.h,FALSE,std::map,1,131,"std::map<WebDataServiceBase::Handle, raw_ptr<WebDataRequest, CtnExperimental>>"
components/webdata/common/web_database.h,FALSE,std::map,1,157,"std::map<WebDatabaseTable::TypeKey, raw_ptr<WebDatabaseTable>>"
components/webrtc/thread_wrapper.h,FALSE,base::AutoReset,0,142,base::AutoReset<ThreadWrapper*>
components/webrtc/thread_wrapper.h,FALSE,std::list,1,151,"std::list<raw_ptr<PendingSend, CtnExperimental>>"
components/zucchini/disassembler_dex.cc,FALSE,std::array,0,262,"std::array<const dex::Instruction*, 256>"
components/zucchini/disassembler_elf.h,FALSE,std::vector,1,241,std::vector<raw_ptr<const typename Traits::Elf_Shdr>>
content/browser/accessibility/browser_accessibility_state_impl.h,FALSE,std::list,1,274,std::list<raw_ptr<WebContentsImpl>>
content/browser/android/synchronous_compositor_browsertest.cc,TRUE,std::map,1,76,"std::map<viz::FrameSinkId, raw_ptr<SynchronousCompositor, CtnExperimental>>"
content/browser/audio/audio_service_browsertest.cc,TRUE,base::AutoReset,0,248,base::AutoReset<audio::mojom::AudioService*>
content/browser/back_forward_cache/back_forward_cache_impl.h,FALSE,std::multiset,1,627,std::multiset<raw_ptr<RenderProcessHost>>
content/browser/background_fetch/background_fetch_scheduler.h,FALSE,base::circular_deque,1,187,base::circular_deque<raw_ptr<BackgroundFetchJobController>>
content/browser/background_fetch/storage/database_task.h,FALSE,std::map,0,167,"std::map<DatabaseTask*, std::unique_ptr<DatabaseTask>>"
content/browser/background_sync/background_sync_scheduler.h,FALSE,std::map,0,73,"std::map<StoragePartitionImpl*, std::unique_ptr<base::OneShotTimer>>"
content/browser/background_sync/background_sync_scheduler.h,FALSE,std::map,0,75,"std::map<StoragePartitionImpl*, std::unique_ptr<base::OneShotTimer>>"
content/browser/bluetooth/bluetooth_adapter_factory_wrapper.h,FALSE,std::unordered_set,1,99,"std::unordered_set<raw_ptr<WebBluetoothServiceImpl, CtnExperimental>>"
content/browser/browser_child_process_host_impl.h,FALSE,mojo::BinderMapWithContext,0,217,mojo::BinderMapWithContext<BrowserChildProcessHost*>
content/browser/browsing_data/browsing_data_remover_impl.h,FALSE,std::vector,1,181,"std::vector<raw_ptr<Observer, VectorExperimental>>"
content/browser/browsing_data/browsing_data_remover_impl.h,FALSE,std::map,1,294,"std::map<StoragePartitionConfig, raw_ptr<StoragePartition>>"
content/browser/browsing_data/browsing_data_remover_impl_unittest.cc,TRUE,std::vector,1,1448,"std::vector<raw_ptr<BrowsingDataRemover::Observer, VectorExperimental>>"
content/browser/cache_storage/cache_storage.cc,FALSE,std::map,0,654,"std::map<CacheStorageCache*, std::string>"
content/browser/cache_storage/cache_storage.h,FALSE,std::map,0,350,"std::map<CacheStorageCache*, std::unique_ptr<CacheStorageCache>>"
content/browser/cache_storage/cache_storage_cache_entry_handler.h,FALSE,std::set,1,161,"std::set<raw_ptr<DiskCacheBlobEntry, SetExperimental>>"
content/browser/compositor/viz_process_transport_factory.h,FALSE,base::flat_map,0,143,"base::flat_map<ui::Compositor*, CompositorData>"
content/browser/devtools/devtools_agent_host_impl.h,FALSE,std::vector,1,184,"std::vector<raw_ptr<DevToolsSession, VectorExperimental>>"
content/browser/devtools/devtools_agent_host_impl.h,FALSE,base::flat_map,0,185,"base::flat_map<DevToolsAgentHostClient*, std::unique_ptr<DevToolsSession>>"
content/browser/devtools/devtools_renderer_channel.h,FALSE,base::flat_set,1,101,"base::flat_set<raw_ptr<WorkerOrWorkletDevToolsAgentHost, CtnExperimental>>"
content/browser/devtools/devtools_session.h,FALSE,base::flat_map,1,293,"base::flat_map<std::string, raw_ptr<DevToolsSession, CtnExperimental>>"
content/browser/devtools/devtools_url_loader_interceptor.h,FALSE,std::map,1,278,"std::map<std::string, raw_ptr<InterceptionJob, CtnExperimental>>"
content/browser/devtools/protocol/browser_handler.h,FALSE,base::flat_set,1,133,"base::flat_set<raw_ptr<download::DownloadItem, CtnExperimental>>"
content/browser/devtools/protocol/device_access_handler.h,FALSE,base::flat_map,1,51,"base::flat_map<std::string /*id*/, raw_ptr<DevtoolsDeviceRequestPromptInfo>>"
content/browser/devtools/protocol/page_handler.h,FALSE,base::flat_set,1,304,"base::flat_set<raw_ptr<download::DownloadItem, CtnExperimental>>"
content/browser/devtools/protocol/target_auto_attacher.h,FALSE,base::flat_set,1,89,"base::flat_set<raw_ptr<Client, CtnExperimental>>"
content/browser/devtools/protocol/target_handler.h,FALSE,std::map,1,216,"std::map<DevToolsAgentHost*, raw_ptr<Session, CtnExperimental>>"
content/browser/devtools/protocol/target_handler.h,FALSE,base::flat_map,0,218,"base::flat_map<TargetAutoAttacher*, bool /* wait_for_debugger_on_start */>"
content/browser/devtools/protocol/target_handler.h,FALSE,std::set,1,225,"std::set<raw_ptr<DevToolsAgentHost, SetExperimental>>"
content/browser/devtools/protocol/target_handler.h,FALSE,base::flat_set,1,228,"base::flat_set<raw_ptr<Throttle, CtnExperimental>>"
content/browser/devtools/render_frame_devtools_agent_host.h,FALSE,base::flat_set,1,191,"base::flat_set<raw_ptr<NavigationRequest, CtnExperimental>>"
content/browser/devtools/service_worker_devtools_manager.h,FALSE,base::flat_set,1,176,base::flat_set<raw_ptr<ServiceWorkerDevToolsAgentHost>>
content/browser/devtools/shared_worker_devtools_manager.h,FALSE,std::map,0,69,"std::map<SharedWorkerHost*, scoped_refptr<SharedWorkerDevToolsAgentHost>>"
content/browser/devtools/shared_worker_devtools_manager.h,FALSE,base::flat_set,1,73,base::flat_set<raw_ptr<SharedWorkerDevToolsAgentHost>>
content/browser/devtools/tracing_process_set_monitor.h,FALSE,std::unordered_set,1,64,"std::unordered_set<raw_ptr<const DevToolsAgentHost, CtnExperimental>>"
content/browser/devtools/worker_devtools_manager.h,FALSE,std::map,0,48,"std::map<const DedicatedWorkerHost*, scoped_refptr<DedicatedWorkerDevToolsAgentHost>>"
content/browser/digital_credentials/digital_credential_environment.h,FALSE,base::flat_map,0,76,"base::flat_map<FrameTreeNode*, std::unique_ptr<ObservedWallet>>"
content/browser/display_cutout/display_cutout_host_impl.h,FALSE,std::map,0,65,"std::map<RenderFrameHost*, blink::mojom::ViewportFit>"
content/browser/display_cutout/safe_area_insets_host_impl_unittest.cc,TRUE,std::optional,0,89,std::optional<RenderFrameHost*>
content/browser/display_cutout/safe_area_insets_host_impl_unittest.cc,TRUE,std::optional,0,90,std::optional<RenderFrameHost*>
content/browser/download/download_manager_impl_unittest.cc,TRUE,std::map,1,201,"std::map<uint32_t, raw_ptr<download::MockDownloadItemImpl, CtnExperimental>>"
content/browser/download/save_file_manager.h,FALSE,absl::flat_hash_map,1,251,"absl::flat_hash_map<SaveItemId, raw_ptr<SavePackage, CtnExperimental>>"
content/browser/download/save_package.h,FALSE,std::map,1,372,"std::map<GURL, raw_ptr<SaveItem, CtnExperimental>>"
content/browser/download/save_package.h,FALSE,std::unordered_map,1,378,"std::unordered_map<FrameTreeNodeId, raw_ptr<SaveItem, CtnExperimental>>"
content/browser/file_system_access/file_system_access_lock_manager.cc,FALSE,base::flat_map,1,412,"base::flat_map<GlobalRenderFrameHostId, raw_ref<LockHandle>>"
content/browser/file_system_access/file_system_access_watcher_manager.h,FALSE,std::list,1,239,std::list<raw_ref<FileSystemAccessChangeSource>>
content/browser/find_request_manager.h,FALSE,std::unordered_set,1,253,"std::unordered_set<raw_ptr<RenderFrameHost, CtnExperimental>>"
content/browser/find_request_manager.h,FALSE,std::unordered_map,0,292,"std::unordered_map<RenderFrameHost*, FrameRects>"
content/browser/find_request_manager.h,FALSE,std::unordered_set,1,298,"std::unordered_set<raw_ptr<RenderFrameHost, CtnExperimental>>"
content/browser/find_request_manager.h,FALSE,std::unordered_set,1,325,"std::unordered_set<raw_ptr<RenderFrameHost, CtnExperimental>>"
content/browser/find_request_manager.h,FALSE,std::unordered_map,0,341,"std::unordered_map<RenderFrameHost*, std::unique_ptr<FindInPageClient>>"
content/browser/gpu/gpu_process_host.cc,FALSE,std::array,0,368,"std::array<GpuProcessHost*, GPU_PROCESS_KIND_COUNT>"
content/browser/indexed_db/instance/database.h,FALSE,std::list,1,330,std::list<raw_ptr<Connection>>
content/browser/indexed_db/instance/transaction.h,FALSE,std::set,1,353,"std::set<raw_ptr<Cursor, SetExperimental>>"
content/browser/locks/lock_manager.h,FALSE,base::flat_map,0,122,"base::flat_map<std::string, Observer*>"
content/browser/media/audible_metrics.h,FALSE,std::set,1,69,"std::set<raw_ptr<const WebContents, SetExperimental>>"
content/browser/media/desktop_media_window_registry_aura.cc,FALSE,base::IDMap,0,58,base::IDMap<aura::Window*>
content/browser/media/forwarding_audio_stream_factory.h,FALSE,base::flat_set,1,161,"base::flat_set<raw_ptr<AudioStreamBroker::LoopbackSink, CtnExperimental>>"
content/browser/media/media_web_contents_observer.h,FALSE,std::map,0,368,"std::map<RenderFrameHost*, std::unique_ptr<base::WeakPtrFactory<MediaWebContentsObserver>>>"
content/browser/navigation_browsertest.cc,TRUE,std::vector,1,171,"std::vector<raw_ptr<NavigationRequest, VectorExperimental>>"
content/browser/payments/payment_app_context_impl.h,FALSE,std::map,0,63,"std::map<PaymentManager*, std::unique_ptr<PaymentManager>>"
content/browser/renderer_host/agent_scheduling_group_host.cc,FALSE,std::set,1,61,"std::set<raw_ptr<const SiteInstanceGroup, SetExperimental>>"
content/browser/renderer_host/agent_scheduling_group_host.h,FALSE,base::IDMap,0,153,base::IDMap<IPC::Listener*>
content/browser/renderer_host/batched_proxy_ipc_sender.h,FALSE,std::map,1,109,"std::map<GlobalRoutingID, raw_ptr<blink::mojom::CreateRemoteChildParams, CtnExperimental>>"
content/browser/renderer_host/compositor_dependencies_android.h,FALSE,base::flat_set,1,72,"base::flat_set<raw_ptr<CompositorImpl, CtnExperimental>>"
content/browser/renderer_host/document_associated_data.h,FALSE,std::vector,1,246,"std::vector<raw_ptr<internal::DocumentServiceBase, VectorExperimental>>"
content/browser/renderer_host/frame_tree.h,FALSE,base::circular_deque,1,114,"base::circular_deque<raw_ptr<FrameTreeNode, DanglingUntriaged>>"
content/browser/renderer_host/frame_tree.h,FALSE,std::vector,1,134,"std::vector<raw_ptr<FrameTreeNode, DanglingUntriaged>>"
content/browser/renderer_host/media/preferred_audio_output_device_manager.cc,FALSE,std::vector,1,87,std::vector<raw_ptr<AudioOutputDeviceSwitcher>>
content/browser/renderer_host/media/video_capture_manager_unittest.cc,TRUE,std::vector,1,160,"std::vector<raw_ptr<WrappedDevice, VectorExperimental>>"
content/browser/renderer_host/media/video_capture_manager_unittest.cc,TRUE,std::map,1,390,"std::map<VideoCaptureControllerID, raw_ptr<VideoCaptureController, CtnExperimental>>"
content/browser/renderer_host/navigation_controller_impl.h,FALSE,std::map,1,655,"std::map<std::string, raw_ptr<FrameTreeNode, CtnExperimental>>"
content/browser/renderer_host/navigation_controller_impl.h,FALSE,std::set,1,1154,"std::set<raw_ptr<PendingEntryRef, SetExperimental>>"
content/browser/renderer_host/navigation_entry_restore_context_impl.h,FALSE,std::map,1,80,"std::map<Key, raw_ptr<FrameNavigationEntry, CtnExperimental>, Key::Compare>"
content/browser/renderer_host/navigation_throttle_registry_impl.h,FALSE,std::set,1,166,std::set<raw_ptr<NavigationThrottle>>
content/browser/renderer_host/navigation_throttle_runner_unittest.cc,TRUE,std::set,1,235,std::set<raw_ptr<NavigationThrottle>>
content/browser/renderer_host/navigation_transitions/navigation_entry_screenshot_manager.h,FALSE,base::LRUCacheSet,0,117,base::LRUCacheSet<NavigationEntryScreenshotCacheEvictor*>
content/browser/renderer_host/render_frame_host_impl.cc,FALSE,std::variant,1,454,"std::variant<std::monostate, raw_ptr<RenderFrameHostImpl>, raw_ptr<RenderFrameProxyHost>>"
content/browser/renderer_host/render_frame_host_impl.h,FALSE,std::map,0,4962,"std::map<NavigationRequest*, std::unique_ptr<NavigationRequest>>"
content/browser/renderer_host/render_frame_host_impl.h,FALSE,BrowserInterfaceBrokerImpl,0,5630,"BrowserInterfaceBrokerImpl<RenderFrameHostImpl, RenderFrameHost*>"
content/browser/renderer_host/render_frame_host_manager_browsertest.cc,TRUE,std::set,1,1988,"std::set<raw_ptr<RenderViewHost, SetExperimental>>"
content/browser/renderer_host/render_frame_host_manager_unittest.cc,TRUE,std::map,0,2695,"std::map<RenderFrameProxyHost*, std::unique_ptr<Remote>>"
content/browser/renderer_host/render_frame_host_manager_unittest.cc,TRUE,std::map,0,2977,"std::map<RenderFrameProxyHost*, std::unique_ptr<Remote>>"
content/browser/renderer_host/render_frame_host_manager_unittest.cc,TRUE,std::map,0,3759,"std::map<RenderFrameProxyHost*, std::unique_ptr<RemoteFrame>>"
content/browser/renderer_host/render_frame_host_manager_unittest.cc,TRUE,std::map,0,3883,"std::map<RenderFrameProxyHost*, std::unique_ptr<Remote>>"
content/browser/renderer_host/render_frame_host_manager_unittest.cc,TRUE,std::set,1,4368,"std::set<raw_ptr<RenderFrameProxyHost, SetExperimental>>"
content/browser/renderer_host/render_frame_host_manager_unittest.cc,TRUE,std::map,0,4371,"std::map<RenderFrameProxyHost*, std::unique_ptr<AdStatusInterceptingRemoteFrame>>"
content/browser/renderer_host/render_process_host_impl.h,FALSE,base::IDMap,0,1377,base::IDMap<IPC::Listener*>
content/browser/renderer_host/render_process_host_impl.h,FALSE,base::flat_set,1,1407,"base::flat_set<raw_ptr<RenderProcessHostPriorityClient, CtnExperimental>>"
content/browser/renderer_host/render_view_host_impl.cc,FALSE,std::unordered_set,1,184,"std::unordered_set<raw_ptr<const RenderViewHostImpl, CtnExperimental>>"
content/browser/renderer_host/render_widget_host_view_aura_unittest.cc,TRUE,std::vector,1,6273,"std::vector<raw_ptr<RenderWidgetHostViewBase, VectorExperimental>>"
content/browser/renderer_host/render_widget_host_view_aura_unittest.cc,TRUE,std::vector,1,6274,"std::vector<raw_ptr<MockRenderWidgetHostImpl, VectorExperimental>>"
content/browser/renderer_host/render_widget_host_view_aura_unittest.cc,TRUE,std::vector,1,6276,"std::vector<raw_ptr<MockRenderWidgetHostImpl, VectorExperimental>>"
content/browser/renderer_host/spare_render_process_host_manager_impl.h,FALSE,std::vector,1,237,std::vector<raw_ptr<RenderProcessHost>>
content/browser/service_host/utility_process_host.h,FALSE,std::optional,1,197,std::optional<raw_ptr<ZygoteCommunication>>
content/browser/service_host/utility_sandbox_delegate.h,FALSE,std::optional,1,95,std::optional<raw_ptr<ZygoteCommunication>>
content/browser/service_worker/service_worker_context_core.h,FALSE,std::map,1,659,"std::map<int64_t, raw_ptr<ServiceWorkerRegistration, CtnExperimental>>"
content/browser/service_worker/service_worker_context_core.h,FALSE,std::map,1,661,"std::map<int64_t, raw_ptr<ServiceWorkerVersion, CtnExperimental>>"
content/browser/site_instance_group.h,FALSE,base::flat_set,1,222,base::flat_set<raw_ptr<SiteInstanceImpl>>
content/browser/site_per_process_browsertest.cc,TRUE,std::vector,1,7877,"std::vector<raw_ptr<RenderFrameHostImpl, VectorExperimental>>"
content/browser/site_per_process_browsertest.cc,TRUE,std::vector,1,14680,std::vector<raw_ptr<RenderFrameHost>>
content/browser/site_per_process_scroll_browsertest.cc,TRUE,std::map,0,632,"std::map<RenderFrameProxyHost*, std::unique_ptr<SynchronizeVisualPropertiesInterceptor>>"
content/browser/sms/sms_fetcher_impl.h,FALSE,base::flat_map,0,80,"base::flat_map<Subscriber*, base::OnceClosure>"
content/browser/snapshot_browsertest.cc,TRUE,std::map,0,159,"std::map<content::RenderWidgetHost*, std::vector<SkColor>>"
content/browser/ssl/ssl_manager.cc,FALSE,std::set,1,102,"std::set<raw_ptr<SSLManager, SetExperimental>>"
content/browser/tracing/background_tracing_manager_impl.h,FALSE,std::set,1,103,"std::set<raw_ptr<tracing::mojom::BackgroundTracingAgent, SetExperimental>>"
content/browser/tracing/background_tracing_manager_impl.h,FALSE,std::set,1,105,"std::set<raw_ptr<tracing::TracingAgentObserverManager::AgentObserver, SetExperimental>>"
content/browser/web_contents/web_contents_impl.cc,FALSE,base::flat_set,1,492,"base::flat_set<raw_ptr<WebContentsImpl, CtnExperimental>>"
content/browser/web_contents/web_contents_impl.cc,FALSE,std::set,1,1315,std::set<raw_ptr<WebContentsImpl>>
content/browser/web_contents/web_contents_impl.h,FALSE,std::vector,1,1886,std::vector<raw_ptr<WebContents>>
content/browser/web_contents/web_contents_impl.h,FALSE,std::map,0,2355,"std::map<WebContentsImpl*, std::unique_ptr<WebContentsDestructionObserver>>"
content/browser/web_contents/web_contents_impl.h,FALSE,std::map,1,2360,"std::map<GlobalRoutingID, raw_ptr<RenderWidgetHost, CtnExperimental>>"
content/browser/web_contents/web_contents_impl.h,FALSE,std::map,0,2364,"std::map<RenderWidgetHost*, std::unique_ptr<RenderWidgetHostDestructionObserver>>"
content/browser/web_contents/web_contents_impl.h,FALSE,base::flat_map,1,2596,"base::flat_map<viz::FrameSinkId, raw_ptr<RenderWidgetHostImpl, SetExperimental>>"
content/browser/web_contents/web_contents_impl.h,FALSE,std::set,1,2773,"std::set<raw_ptr<RenderFrameHostImpl, SetExperimental>>"
content/browser/webauth/authenticator_environment.h,FALSE,std::map,0,81,"std::map<FrameTreeNode*, std::unique_ptr<VirtualAuthenticatorManagerImpl>>"
content/browser/webauth/virtual_fido_discovery_factory.h,FALSE,std::set,1,70,"std::set<raw_ptr<VirtualFidoDiscovery, SetExperimental>>"
content/browser/webid/network_request_manager.h,FALSE,base::flat_map,0,145,"base::flat_map<network::SimpleURLLoader*, base::UnguessableToken>"
content/browser/worker_host/dedicated_worker_service_impl.h,FALSE,base::flat_map,1,57,"base::flat_map<blink::DedicatedWorkerToken, raw_ptr<DedicatedWorkerHost, CtnExperimental>>"
content/browser/worker_host/shared_worker_service_impl.h,FALSE,base::flat_map,1,169,"base::flat_map<blink::SharedWorkerToken, raw_ptr<SharedWorkerHost, CtnExperimental>>"
content/browser/xr/service/browser_xr_runtime_impl.h,FALSE,std::set,1,126,"std::set<raw_ptr<VRServiceImpl, SetExperimental>>"
content/child/child_process.h,FALSE,base::AutoReset,0,116,base::AutoReset<ChildProcess*>
content/child/child_thread_impl.h,FALSE,base::AutoReset,0,189,base::AutoReset<ChildThreadImpl*>
content/child/font_warmup_win.cc,FALSE,std::map,0,187,"std::map<void*, scoped_refptr<FakeGdiObject>>"
content/common/memory_coordinator/memory_coordinator_policy_manager.h,FALSE,base::flat_map,0,170,"base::flat_map<MemoryCoordinatorPolicy*, int>"
content/common/memory_coordinator/memory_coordinator_policy_manager.h,FALSE,base::flat_set,1,204,base::flat_set<raw_ptr<MemoryCoordinatorPolicy>>
content/public/browser/render_frame_host_receiver_set.h,FALSE,mojo::AssociatedReceiverSet,0,172,"mojo::AssociatedReceiverSet<Interface, RenderFrameHost*>"
content/public/browser/render_frame_host_receiver_set.h,FALSE,std::map,0,176,"std::map<RenderFrameHost*, std::vector<mojo::ReceiverId>>"
content/public/browser/web_contents_delegate.h,FALSE,std::set,1,987,"std::set<raw_ptr<WebContents, SetExperimental>>"
content/public/test/content_browser_test_utils.h,TRUE,std::map,0,221,"std::map<WebContents*, RenderWidgetHostViewCocoaObserver*>"
content/public/test/mock_render_process_host.h,FALSE,base::flat_set,1,342,"base::flat_set<raw_ptr<RenderProcessHostPriorityClient, CtnExperimental>>"
content/public/test/mock_render_process_host.h,FALSE,base::IDMap,0,345,base::IDMap<IPC::Listener*>
content/public/test/test_navigation_observer.h,TRUE,std::map,0,252,"std::map<WebContents*, WebContentsState>"
content/renderer/agent_scheduling_group.h,FALSE,absl::flat_hash_map,1,114,"absl::flat_hash_map<blink::LocalFrameToken, raw_ptr<RenderFrameImpl, CtnExperimental>>"
content/renderer/media/renderer_web_media_player_delegate.h,FALSE,base::IDMap,0,110,base::IDMap<Observer*>
content/renderer/worker/worker_thread_registry.h,FALSE,std::map,0,54,"std::map<int /* worker_thread_id */, base::SequencedTaskRunner*>"
content/shell/browser/shell.cc,FALSE,std::vector,0,73,std::vector<Shell*>
content/shell/browser/shell.h,FALSE,std::vector,0,260,std::vector<Shell*>
content/shell/browser/shell_devtools_manager_delegate.h,FALSE,base::flat_map,1,48,"base::flat_map<raw_ptr<content::DevToolsAgentHostClientChannel>, std::unique_ptr<shell::protocol::ShellDevToolsSession>>"
content/shell/browser/shell_platform_delegate.h,FALSE,base::flat_map,0,182,"base::flat_map<Shell*, ShellData>"
content/test/content_browser_test_utils_internal.h,TRUE,std::set,1,624,"std::set<raw_ptr<RenderFrameHost, SetExperimental>>"
content/test/did_commit_navigation_interceptor.h,FALSE,std::map,0,55,"std::map<RenderFrameHost*, std::unique_ptr<FrameAgent>>"
content/test/frame_host_interceptor.h,FALSE,std::map,0,64,"std::map<RenderFrameHost*, std::unique_ptr<FrameAgent>>"
content/test/fuzzer/controller_presentation_service_delegate_for_fuzzing.h,FALSE,std::map,0,164,"std::map<content::GlobalRenderFrameHostId, content::PresentationServiceDelegate::Observer*>"
content/test/fuzzer/controller_presentation_service_delegate_for_fuzzing.h,FALSE,std::map,0,168,"std::map<GURL, content::PresentationScreenAvailabilityListener*>"
content/test/test_render_frame_host.h,TRUE,std::map,0,362,"std::map<NavigationRequest*, mojom::NavigationClient::CommitNavigationCallback>"
content/test/test_render_frame_host.h,TRUE,std::map,0,365,"std::map<NavigationRequest*, mojom::NavigationClient::CommitFailedNavigationCallback>"
content/test/web_contents_observer_consistency_checker.h,FALSE,std::map,1,103,"std::map<int64_t, raw_ptr<RenderFrameHost, CtnExperimental>>"
content/test/web_contents_observer_consistency_checker.h,FALSE,std::set,1,109,"std::set<raw_ptr<NavigationHandle, SetExperimental>>"
content/test/web_contents_observer_consistency_checker.h,FALSE,std::map,0,112,"std::map<RenderFrameHost*, std::unique_ptr<TestInputEventObserver>>"
content/web_test/browser/web_test_bluetooth_chooser_factory.h,TRUE,std::set,1,39,"std::set<raw_ptr<Chooser, SetExperimental>>"
content/web_test/browser/web_test_control_host.h,TRUE,std::vector,1,180,"std::vector<raw_ptr<Node, VectorExperimental>>"
content/web_test/browser/web_test_control_host.h,TRUE,base::flat_map,0,403,"base::flat_map<WebContents*, std::unique_ptr<WebTestWindowObserver>>"
content/web_test/browser/web_test_control_host.h,TRUE,std::set,1,410,"std::set<raw_ptr<RenderProcessHost, SetExperimental>>"
content/web_test/browser/web_test_control_host.h,TRUE,std::set,1,412,"std::set<raw_ptr<RenderProcessHost, SetExperimental>>"
content/web_test/browser/web_test_control_host.h,TRUE,std::set,1,414,"std::set<raw_ptr<RenderViewHost, SetExperimental>>"
content/web_test/browser/web_test_control_host.h,TRUE,std::queue,1,448,"std::queue<raw_ptr<Node, CtnExperimental>>"
content/web_test/browser/web_test_shell_platform_delegate.h,TRUE,base::flat_map,0,63,"base::flat_map<Shell*, WebTestShellData>"
content/web_test/renderer/test_runner.h,TRUE,base::flat_set,1,584,"base::flat_set<raw_ptr<WebFrameTestProxy, CtnExperimental>>"
content/web_test/renderer/test_runner.h,TRUE,std::vector,1,590,"std::vector<raw_ptr<blink::WebFrame, VectorExperimental>>"
dbus/object_proxy.h,FALSE,std::set,1,346,"std::set<raw_ptr<DBusPendingCall, SetExperimental>>"
device/bluetooth/bluetooth_adapter.h,FALSE,std::set,1,972,"std::set<raw_ptr<BluetoothDiscoverySession, SetExperimental>>"
device/bluetooth/bluetooth_device.h,FALSE,std::set,1,837,"std::set<raw_ptr<BluetoothGattConnection, SetExperimental>>"
device/bluetooth/bluez/bluetooth_adapter_bluez.h,FALSE,std::map,1,586,"std::map<device::BluetoothUUID, raw_ptr<BluetoothAdapterProfileBlueZ, CtnExperimental>>"
device/bluetooth/bluez/bluetooth_adapter_bluez.h,FALSE,std::map,1,591,"std::map<device::BluetoothUUID, raw_ptr<BluetoothAdapterProfileBlueZ, CtnExperimental>>"
device/bluetooth/bluez/bluetooth_adapter_bluez.h,FALSE,std::map,1,596,"std::map<device::BluetoothUUID, raw_ptr<std::vector<RegisterProfileCompletionPair>, CtnExperimental>>"
device/bluetooth/bluez/bluetooth_adapter_bluez.h,FALSE,std::map,1,605,"std::map<dbus::ObjectPath, raw_ptr<BluetoothLocalGattServiceBlueZ, CtnExperimental>>"
device/bluetooth/bluez/bluetooth_adapter_profile_bluez.h,FALSE,std::map,1,99,"std::map<std::string, raw_ptr<bluez::BluetoothProfileServiceProvider::Delegate, CtnExperimental>>"
device/bluetooth/bluez/bluetooth_bluez_unittest.cc,TRUE,std::vector,1,249,"std::vector< raw_ptr<device::BluetoothLowEnergyScanSession, VectorExperimental>>"
device/bluetooth/bluez/bluetooth_device_bluez.h,FALSE,std::unordered_set,1,314,"std::unordered_set< raw_ptr<device::BluetoothRemoteGattService, CtnExperimental>>"
device/bluetooth/dbus/fake_bluetooth_gatt_characteristic_client.h,FALSE,std::map,1,203,"std::map<std::string, raw_ptr<DelayedCallback, CtnExperimental>>"
device/bluetooth/floss/bluetooth_gatt_service_floss.h,FALSE,std::map,1,113,"std::map<int32_t, raw_ptr<FlossGattClientObserver>>"
device/bluetooth/floss/bluetooth_gatt_service_floss.h,FALSE,std::map,1,114,"std::map<int32_t, raw_ptr<FlossGattServerObserver>>"
device/bluetooth/test/bluetooth_test_win.h,TRUE,std::vector,1,258,std::vector<raw_ptr<FakeBluetoothLEDeviceWinrt>>
device/bluetooth/test/bluetooth_test_win.h,TRUE,std::vector,1,259,std::vector<raw_ptr<FakeBluetoothLEDeviceStaticsWinrt>>
device/bluetooth/test/fake_bluetooth_le_advertisement_winrt.cc,FALSE,IObservableVector,0,71,IObservableVector<BluetoothLEAdvertisementDataSection*>
device/bluetooth/test/fake_bluetooth_le_advertisement_winrt.cc,FALSE,VectorChangedEventHandler,0,78,VectorChangedEventHandler<BluetoothLEAdvertisementDataSection*>
device/bluetooth/test/fake_gatt_characteristics_result_winrt.cc,FALSE,IObservableVector,0,37,IObservableVector<GattCharacteristic*>
device/bluetooth/test/fake_gatt_characteristics_result_winrt.cc,FALSE,VectorChangedEventHandler,0,44,VectorChangedEventHandler<GattCharacteristic*>
device/bluetooth/test/fake_gatt_characteristics_result_winrt.cc,FALSE,IVector,0,51,IVector<GattCharacteristic*>
device/bluetooth/test/fake_gatt_descriptors_result_winrt.cc,FALSE,IObservableVector,0,36,IObservableVector<GattDescriptor*>
device/bluetooth/test/fake_gatt_descriptors_result_winrt.cc,FALSE,VectorChangedEventHandler,0,42,VectorChangedEventHandler<GattDescriptor*>
device/bluetooth/test/fake_gatt_device_services_result_winrt.cc,FALSE,IObservableVector,0,42,IObservableVector<GattDeviceService*>
device/bluetooth/test/fake_gatt_device_services_result_winrt.cc,FALSE,VectorChangedEventHandler,0,48,VectorChangedEventHandler<GattDeviceService*>
device/bluetooth/test/fake_gatt_device_services_result_winrt.cc,FALSE,IVector,0,54,IVector<GattDeviceService*>
device/fido/cbor_extract.cc,FALSE,base::raw_span,0,187,base::raw_span<const void*>
device/fido/get_assertion_request_handler.h,FALSE,std::map,0,142,"std::map<FidoAuthenticator*, std::unique_ptr<AuthTokenRequester>>"
device/fido/mac/icloud_keychain_internals.h,FALSE,NSArray,0,30,NSArray<NSNumber*>
device/fido/mac/icloud_keychain_internals.h,FALSE,NSArray,0,33,NSArray<ASCPublicKeyCredentialDescriptor*>
device/fido/make_credential_request_handler.h,FALSE,std::map,0,139,"std::map<FidoAuthenticator*, std::unique_ptr<AuthTokenRequester>>"
device/gamepad/xbox_data_fetcher_mac.h,FALSE,std::set,0,94,std::set<XboxControllerMac*>
device/vr/android/arcore/ar_compositor_frame_sink.h,FALSE,base::flat_map,1,159,"base::flat_map<viz::ResourceId, raw_ptr<WebXrFrame, CtnExperimental>>"
device/vr/android/arcore/arcore_anchor_manager.h,FALSE,internal::ScopedArCoreObject,0,80,internal::ScopedArCoreObject<ArPose*>
device/vr/android/arcore/arcore_anchor_manager.h,FALSE,internal::ScopedArCoreObject,0,82,internal::ScopedArCoreObject<ArAnchorList*>
device/vr/android/arcore/arcore_anchor_manager.h,FALSE,absl::flat_hash_map,0,88,"absl::flat_hash_map<ArAnchor*, AnchorId>"
device/vr/android/arcore/arcore_impl.h,FALSE,internal::ScopedArCoreObject,0,131,internal::ScopedArCoreObject<ArSession*>
device/vr/android/arcore/arcore_impl.h,FALSE,internal::ScopedArCoreObject,0,132,internal::ScopedArCoreObject<ArFrame*>
device/vr/android/arcore/arcore_impl.h,FALSE,internal::ScopedArCoreObject,0,140,internal::ScopedArCoreObject<ArLightEstimate*>
device/vr/android/arcore/arcore_plane_manager.h,FALSE,internal::ScopedArCoreObject,0,95,internal::ScopedArCoreObject<ArTrackableList*>
device/vr/android/arcore/arcore_plane_manager.h,FALSE,internal::ScopedArCoreObject,0,98,internal::ScopedArCoreObject<ArPose*>
device/vr/android/arcore/arcore_plane_manager.h,FALSE,absl::flat_hash_map,0,104,"absl::flat_hash_map<ArPlane*, PlaneId>"
device/vr/android/cardboard/cardboard_device_params.h,FALSE,std::variant,0,56,"std::variant<uint8_t*, OwnedCardboardParams>"
device/vr/android/cardboard/cardboard_image_transport.h,FALSE,internal::ScopedCardboardObject,0,63,internal::ScopedCardboardObject<CardboardDistortionRenderer*>
device/vr/android/cardboard/cardboard_image_transport.h,FALSE,internal::ScopedCardboardObject,0,64,internal::ScopedCardboardObject<CardboardLensDistortion*>
device/vr/android/cardboard/cardboard_render_loop.h,FALSE,internal::ScopedCardboardObject,0,164,internal::ScopedCardboardObject<CardboardHeadTracker*>
device/vr/android/web_xr_presentation_state.h,FALSE,std::vector,1,263,"std::vector<raw_ptr<WebXrFrame, VectorExperimental>>"
device/vr/android/web_xr_presentation_state.h,FALSE,base::queue,1,264,"base::queue<raw_ptr<WebXrFrame, CtnExperimental>>"
extensions/browser/api/declarative/declarative_rule.h,FALSE,std::vector,1,114,std::vector<raw_ptr<const ConditionT>>
extensions/browser/api/declarative_net_request/regex_rules_matcher.h,FALSE,std::map,1,124,"std::map<int, raw_ptr<const flat::RegexRule, CtnExperimental>>"
extensions/browser/api/declarative_webrequest/webrequest_rules_registry.h,FALSE,std::set,1,170,"std::set<raw_ptr<const WebRequestRule, SetExperimental>>"
extensions/browser/api/device_permissions_manager.h,FALSE,std::map,1,191,"std::map<std::string, raw_ptr<DevicePermissions, CtnExperimental>>"
extensions/browser/api/socket/app_firewall_hole_manager.h,FALSE,std::multimap,1,94,"std::multimap<ExtensionId, raw_ptr<AppFirewallHole, CtnExperimental>>"
extensions/browser/api/system_display/system_display_api.cc,FALSE,base::flat_set,1,195,base::flat_set<raw_ptr<content::BrowserContext>>
extensions/browser/api/system_info/system_info_api.cc,FALSE,base::flat_set,1,98,base::flat_set<raw_ptr<content::BrowserContext>>
extensions/browser/api/system_info/system_info_api.cc,FALSE,base::flat_set,1,100,base::flat_set<raw_ptr<content::BrowserContext>>
extensions/browser/api/virtual_keyboard_private/virtual_keyboard_private_api_unittest.cc,TRUE,std::map,1,136,"std::map<content::BrowserContext*, raw_ptr<MockVirtualKeyboardDelegate, CtnExperimental>>"
extensions/browser/api/web_request/form_data_parser.cc,FALSE,std::array,0,126,"std::array<const RE2::Arg*, args_size_>"
extensions/browser/api/web_request/web_request_api.h,FALSE,std::map,1,153,"std::map<content::GlobalRequestID, raw_ptr<Proxy, CtnExperimental>>"
extensions/browser/api/web_request/web_request_api.h,FALSE,std::map,0,155,"std::map<Proxy*, std::set<content::GlobalRequestID>>"
extensions/browser/api/webstore_private/webstore_private_api.cc,FALSE,std::map,0,208,"std::map<content::BrowserContext*, base::CallbackListSubscription>"
extensions/browser/blocklist_state_fetcher.h,FALSE,std::map,0,68,"std::map<const network::SimpleURLLoader*, std::pair<std::unique_ptr<network::SimpleURLLoader>, std::string>>"
extensions/browser/event_listener_map.h,FALSE,std::map,1,296,"std::map<EventFilter::MatcherID, raw_ptr<EventListener, CtnExperimental>>"
extensions/browser/event_router.h,FALSE,std::set,1,655,"std::set<raw_ptr<content::RenderProcessHost, SetExperimental>>"
extensions/browser/event_router.h,FALSE,std::map,0,665,"std::map<content::RenderProcessHost*, DispatcherMap>"
extensions/browser/extension_function_dispatcher.h,FALSE,std::set,1,138,"std::set<raw_ptr<ExtensionFunction, SetExperimental>>"
extensions/browser/extension_host_queue.h,FALSE,std::list,1,60,"std::list<raw_ptr<DeferredStartRenderHost, CtnExperimental>>"
extensions/browser/extension_host_registry.h,FALSE,std::unordered_set,1,148,"std::unordered_set<raw_ptr<ExtensionHost, CtnExperimental>>"
extensions/browser/extension_host_test_helper.h,TRUE,std::map,1,137,"std::map<HostEvent, raw_ptr<ExtensionHost, CtnExperimental>>"
extensions/browser/extension_web_contents_observer.h,FALSE,std::map,0,160,"std::map<content::RenderFrameHost*, mojo::AssociatedRemote<mojom::LocalFrame>>"
extensions/browser/preload_check_group.h,FALSE,std::vector,1,51,"std::vector<raw_ptr<PreloadCheck, VectorExperimental>>"
extensions/browser/process_manager.h,FALSE,std::map,1,422,"std::map<int, raw_ptr<ExtensionHost, CtnExperimental>>"
extensions/browser/renderer_startup_helper.h,FALSE,std::map,0,172,"std::map<content::RenderProcessHost*, std::set<ExtensionId>>"
extensions/browser/renderer_startup_helper.h,FALSE,std::map,0,180,"std::map<content::RenderProcessHost*, mojo::AssociatedRemote<mojom::Renderer>>"
extensions/browser/script_executor.cc,FALSE,std::vector,1,388,std::vector<raw_ptr<content::RenderFrameHost>>
extensions/browser/service_worker/service_worker_task_queue.h,FALSE,std::map,0,517,"std::map<content::ServiceWorkerContext*, int>"
extensions/browser/updater/update_service_unittest.cc,TRUE,std::vector,1,224,"std::vector<raw_ptr<Observer, VectorExperimental>>"
extensions/browser/user_script_loader_unittest.cc,TRUE,std::set,0,125,std::set<content::RenderProcessHost*>
extensions/browser/user_script_loader_unittest.cc,TRUE,mojo::AssociatedReceiverSet,0,126,"mojo::AssociatedReceiverSet<mojom::Renderer, content::RenderProcessHost*>"
extensions/common/features/feature_flags.cc,FALSE,base::span,0,46,base::span<const base::Feature*>
extensions/renderer/api/web_request_event_handling_tracker.h,FALSE,std::set,1,80,std::set<raw_ptr<ScriptContext>>
extensions/renderer/api/web_request_event_handling_tracker.h,FALSE,std::map,1,97,"std::map<raw_ptr<ScriptContext>, std::unique_ptr<binding::ContextInvalidationListener>>"
extensions/renderer/extension_throttle_simulation_unittest.cc,TRUE,std::vector,1,113,"std::vector<raw_ptr<Actor, VectorExperimental>>"
extensions/renderer/native_extension_bindings_system_test_base.h,TRUE,std::vector,1,170,"std::vector<raw_ptr<ScriptContext, VectorExperimental>>"
extensions/renderer/script_context_set.h,FALSE,std::set,1,138,"std::set<raw_ptr<ScriptContext, SetExperimental>>"
extensions/renderer/script_injection_manager.h,FALSE,std::set,1,127,"std::set<raw_ptr<content::RenderFrame, SetExperimental>>"
extensions/test/extension_test_notification_observer.h,TRUE,std::map,0,90,"std::map<content::WebContents*, std::unique_ptr<ForwardingWebContentsObserver>>"
extensions/test/test_extensions_client.h,TRUE,std::set,1,63,"std::set<raw_ptr<BrowserImagePathsFilter, SetExperimental>>"
fuchsia_web/webengine/browser/navigation_policy_handler.h,FALSE,base::flat_set,0,54,base::flat_set<NavigationPolicyThrottle*>
fuchsia_web/webengine/browser/web_engine_devtools_controller.cc,FALSE,base::flat_set,0,193,base::flat_set<content::WebContents*>
google_apis/gcm/engine/mcs_client.h,FALSE,std::map,1,276,"std::map<CollapseKey, raw_ptr<ReliablePacketInfo, CtnExperimental>>"
google_apis/google_api_keys.cc,FALSE,std::atomic,0,33,std::atomic<ApiKeyCache*>
gpu/command_buffer/client/dawn_client_memory_transfer_service.h,FALSE,std::vector,1,61,"std::vector<raw_ptr<void, VectorExperimental>>"
gpu/command_buffer/client/ring_buffer_test.cc,TRUE,std::vector,1,83,"std::vector<raw_ptr<const volatile void, VectorExperimental>>"
gpu/command_buffer/service/shared_context_state.h,FALSE,base::LRUCache,0,416,"base::LRUCache<void*, sk_sp<SkSurface>>"
gpu/command_buffer/service/shared_image/android_image_backing.h,FALSE,base::flat_set,1,48,"base::flat_set<raw_ptr<const SharedImageRepresentation, CtnExperimental>>"
gpu/command_buffer/service/shared_image/egl_image_backing.h,FALSE,base::flat_map,0,125,"base::flat_map<gl::GLApi*, scoped_refptr<gl::SharedGLFenceEGL>>"
gpu/command_buffer/service/shared_image/egl_image_backing.h,FALSE,base::flat_set,1,127,"base::flat_set<raw_ptr<const GLRepresentationShared, CtnExperimental>>"
gpu/command_buffer/service/shared_image/external_vk_image_gl_representation.h,FALSE,std::vector,1,76,"std::vector<raw_ptr<gles2::Texture, VectorExperimental>>"
gpu/command_buffer/service/shared_image/gl_texture_image_backing.cc,FALSE,std::vector,1,80,std::vector<raw_ptr<gles2::Texture>>
gpu/command_buffer/service/shared_image/ozone_image_backing.h,FALSE,std::map,0,162,"std::map<gl::GLContext*, scoped_refptr<OzoneImageGLTexturesHolder>>"
gpu/command_buffer/service/shared_image/test_image_backing.cc,TRUE,std::vector,1,47,std::vector<raw_ptr<gles2::Texture>>
gpu/command_buffer/service/shared_image/test_image_backing.h,TRUE,std::vector,1,98,std::vector<raw_ptr<gles2::Texture>>
gpu/command_buffer/service/texture_manager.h,FALSE,std::vector,1,1211,"std::vector<raw_ptr<FramebufferManager, VectorExperimental>>"
gpu/command_buffer/service/texture_manager.h,FALSE,std::vector,1,1246,"std::vector<raw_ptr<DestructionObserver, VectorExperimental>>"
gpu/ipc/host/gpu_disk_cache.h,FALSE,std::unordered_map,0,111,"std::unordered_map<GpuDiskCacheEntry*, std::unique_ptr<GpuDiskCacheEntry>>"
headless/lib/browser/headless_devtools_manager_delegate.h,FALSE,std::map,0,57,"std::map<content::DevToolsAgentHostClientChannel*, std::unique_ptr<protocol::HeadlessDevToolsSession>>"
ipc/ipc_mojo_bootstrap.cc,FALSE,std::set,1,104,"std::set<raw_ptr<ChannelAssociatedGroupController, SetExperimental>>"
media/audio/aecdump_recording_manager.h,FALSE,std::map,0,87,"std::map<AecdumpRecordingSource*, uint32_t>"
media/audio/audio_manager_base.h,FALSE,absl::flat_hash_set,1,220,"absl::flat_hash_set<raw_ptr<AudioInputStream, CtnExperimental>>"
media/audio/audio_output_dispatcher_impl.h,FALSE,std::vector,1,87,"std::vector<raw_ptr<AudioOutputStream, VectorExperimental>>"
media/audio/audio_output_proxy_unittest.cc,TRUE,std::optional,0,124,std::optional<AudioOutputStream::AudioSourceCallback*>
media/audio/mac/audio_manager_mac.h,FALSE,absl::flat_hash_set,0,249,absl::flat_hash_set<AudioInputStream*>
media/audio/mac/audio_manager_mac.h,FALSE,absl::flat_hash_set,0,250,absl::flat_hash_set<AUAudioInputStream*>
media/audio/mac/audio_manager_mac.h,FALSE,absl::flat_hash_set,0,251,absl::flat_hash_set<AUHALStream*>
media/audio/pulse/pulse_loopback_manager.h,FALSE,std::vector,1,79,std::vector<raw_ptr<PulseLoopbackAudioStream>>
media/base/audio_buffer.h,FALSE,std::vector,1,321,std::vector<raw_ptr<uint8_t>>
media/base/pipeline_impl_unittest.cc,TRUE,std::vector,1,366,std::vector<raw_ptr<DemuxerStream>>
media/base/sequence.h,FALSE,std::conditional_t,1,100,"std::conditional_t<Owned, const std::optional<T>, raw_ptr<const T>>"
media/capture/video/chromeos/camera_hal_dispatcher_impl.h,FALSE,std::set,1,332,"std::set<raw_ptr<CameraClientObserver, SetExperimental>>"
media/capture/video/chromeos/camera_hal_dispatcher_impl.h,FALSE,std::map,0,369,"std::map<CameraClientObserver*, std::unique_ptr<CameraClientObserver>>"
media/capture/video/chromeos/request_manager.h,FALSE,absl::flat_hash_set,1,351,"absl::flat_hash_set<raw_ptr<ResultMetadataObserver, CtnExperimental>>"
media/capture/video/chromeos/system_event_monitor_impl.h,FALSE,base::flat_map,0,73,"base::flat_map<DisplayObserver*, std::unique_ptr<DisplayObserver>>"
media/capture/video/chromeos/system_event_monitor_impl.h,FALSE,base::flat_map,0,78,"base::flat_map<PowerObserver*, std::unique_ptr<PowerObserver>>"
media/capture/video/linux/fake_v4l2_impl.cc,FALSE,std::queue,1,517,"std::queue<raw_ptr<FakeV4L2Buffer, CtnExperimental>>"
media/capture/video/linux/fake_v4l2_impl.cc,FALSE,std::queue,1,518,"std::queue<raw_ptr<FakeV4L2Buffer, CtnExperimental>>"
media/capture/video/mac/test/screen_capture_kit_test_helper.h,TRUE,NSArray,0,44,NSArray<FakeSCDisplay*>
media/capture/video/mock_device_factory.h,FALSE,std::map,1,32,"std::map<media::VideoCaptureDeviceDescriptor, raw_ptr<media::VideoCaptureDevice, CtnExperimental>>"
media/capture/video/win/video_capture_device_factory_win.cc,FALSE,absl::flat_hash_set,1,391,"absl::flat_hash_set< raw_ptr<IAsyncOperation<DeviceInformationCollection*>, CtnExperimental>>"
media/cast/logging/log_event_dispatcher.h,FALSE,std::vector,1,74,"std::vector<raw_ptr<RawEventSubscriber, VectorExperimental>>"
media/cdm/library_cdm/clear_key_cdm/cdm_file_io_test.h,TRUE,base::stack,1,159,"base::stack<raw_ptr<cdm::FileIO, CtnExperimental>>"
media/filters/chunk_demuxer.h,FALSE,std::map,1,596,"std::map<MediaTrack::Id, raw_ptr<ChunkDemuxerStream, CtnExperimental>>"
media/filters/decrypting_media_resource.h,FALSE,std::vector,1,69,std::vector<raw_ptr<DemuxerStream>>
media/filters/ffmpeg_demuxer.h,FALSE,base::flat_map,1,383,"base::flat_map<MediaTrack::Id, raw_ptr<FFmpegDemuxerStream, CtnExperimental>>"
media/filters/manifest_demuxer.h,FALSE,base::flat_map,0,350,"base::flat_map<DemuxerStream*, std::unique_ptr<ManifestDemuxerStream>>"
media/filters/stream_parser_factory.cc,FALSE,base::raw_span,0,93,base::raw_span<const CodecInfo* const>
media/formats/hls/rendition_manager.h,FALSE,std::vector,1,142,std::vector<raw_ptr<const VariantStream>>
media/formats/hls/rendition_manager.h,FALSE,std::optional,1,163,std::optional<raw_ptr<const VariantStream>>
media/formats/hls/rendition_manager.h,FALSE,std::optional,1,167,std::optional<raw_ptr<const VariantStream>>
media/fuchsia/video/fuchsia_video_decoder.h,FALSE,std::vector,0,150,std::vector<OutputMailbox*>
media/gpu/android/codec_image_group.h,FALSE,absl::flat_hash_set,1,71,"absl::flat_hash_set<raw_ptr<CodecImage, CtnExperimental>>"
media/gpu/android/maybe_render_early_manager.cc,FALSE,std::vector,1,66,"std::vector<raw_ptr<CodecImage, VectorExperimental>>"
media/gpu/android/maybe_render_early_manager_unittest.cc,TRUE,std::vector,1,64,"std::vector<raw_ptr<MockImage, VectorExperimental>>"
media/gpu/chromeos/oop_video_decoder.h,FALSE,base::flat_map,1,240,"base::flat_map<base::UnguessableToken, raw_ptr<FrameResource, CtnExperimental>>"
media/gpu/test/raw_video.h,FALSE,std::vector,0,47,std::vector<const uint8_t*>
media/gpu/v4l2/v4l2_device.h,FALSE,base::flat_map,0,279,"base::flat_map<enum v4l2_buf_type, V4L2Queue*>"
media/gpu/v4l2/v4l2_queue.cc,FALSE,std::vector,0,197,std::vector<void*>
media/gpu/v4l2/v4l2_queue.h,FALSE,std::queue,0,362,std::queue<V4L2Request*>
media/gpu/vaapi/test/fake_libva_driver/h264_decoder_delegate.h,FALSE,std::vector,1,40,std::vector<raw_ptr<const FakeBuffer>>
media/gpu/vaapi/test/fake_libva_driver/h264_decoder_delegate.h,FALSE,std::vector,1,41,std::vector<raw_ptr<const FakeBuffer>>
media/gpu/vaapi/test/fake_libva_driver/h264_decoder_delegate.h,FALSE,base::LRUCache,1,48,"base::LRUCache<uint32_t, raw_ptr<const FakeSurface>>"
media/gpu/windows/d3d12_helpers.h,FALSE,std::array,0,100,"std::array<ID3D12Resource*, kMaxSize>"
media/gpu/windows/d3d12_helpers.h,FALSE,std::array,0,104,"std::array<ID3D12VideoDecoderHeap*, kMaxSize>"
media/gpu/windows/d3d12_helpers.h,FALSE,std::array,1,108,"std::array<raw_ptr<D3D11PictureBuffer>, kMaxSize>"
media/gpu/windows/d3d12_video_encode_delegate.h,FALSE,absl::InlinedVector,0,253,"absl::InlinedVector<ID3D12Resource*, maxDpbSize + 1>"
media/midi/midi_manager_winrt.cc,FALSE,absl::flat_hash_set,0,636,absl::flat_hash_set<IAsyncOperation<RuntimeType*>*>
media/midi/midi_manager_winrt.h,FALSE,private://Subclassesthataccessprivate/protectedmembersofMidiManager.template,0,37,"private: // Subclasses that access private/protected members of MidiManager. template <typename InterfaceType, typename RuntimeType, typename StaticsInterfaceType, wchar_t const* runtime_class_id>"
media/mojo/clients/mojo_renderer_unittest.cc,TRUE,std::vector,1,218,std::vector<raw_ptr<DemuxerStream>>
media/mojo/services/cdm_service.cc,FALSE,std::map,0,140,"std::map<MojoCdmService*, std::unique_ptr<MojoCdmService>>"
media/mojo/services/interface_factory_impl.h,FALSE,std::map,0,156,"std::map<MojoCdmService*, std::unique_ptr<MojoCdmService>>"
media/mojo/services/mojo_cdm_service_context.h,FALSE,std::map,1,75,"std::map<base::UnguessableToken, raw_ptr<chromeos::RemoteCdmContext, CtnExperimental>>"
media/parsers/h264_parser.h,FALSE,Ranges,0,594,Ranges<const uint8_t*>
media/parsers/h264_parser.h,FALSE,Ranges,0,598,Ranges<const uint8_t*>
media/parsers/h265_nalu_parser.h,FALSE,Ranges,0,176,Ranges<const uint8_t*>
media/parsers/h265_nalu_parser.h,FALSE,Ranges,0,183,Ranges<const uint8_t*>
media/renderers/renderer_impl_unittest.cc,TRUE,std::vector,1,371,std::vector<raw_ptr<DemuxerStream>>
media/video/mappable_shared_image_video_frame_pool.cc,FALSE,std::list,1,272,"std::list<raw_ptr<FrameResource, CtnExperimental>>"
media/webrtc/audio_processor.cc,FALSE,base::HeapArray,0,124,base::HeapArray<float*>
mojo/public/cpp/bindings/lib/interface_endpoint_client.cc,FALSE,std::vector,1,150,"std::vector<raw_ptr<SyncResponseInfo, VectorExperimental>>"
mojo/public/cpp/bindings/lib/sequence_local_sync_event_watcher.cc,FALSE,base::flat_set,1,204,"base::flat_set<raw_ptr<const SequenceLocalSyncEventWatcher, CtnExperimental>>"
mojo/public/cpp/bindings/sync_handle_registry.h,FALSE,std::map,0,92,"std::map<base::WaitableEvent*, std::unique_ptr<EventCallbackList>>"
mojo/public/cpp/bindings/tests/connector_unittest.cc,TRUE,raw_ptr,0,70,raw_ptr<Connector*>
mojo/public/cpp/system/wait_set.cc,FALSE,std::set,1,334,"std::set<raw_ptr<base::WaitableEvent, SetExperimental>>"
net/base/prioritized_dispatcher.h,FALSE,PriorityQueue,0,130,PriorityQueue<Job*>
net/cert/x509_certificate_unittest.cc,TRUE,std::array,0,1025,"std::array<SHA256HashValue*, 3>"
net/disk_cache/blockfile/rankings.h,FALSE,std::array,0,102,"std::array<CacheRankingsBlock*, 3>"
net/disk_cache/disk_cache_fuzzer.cc,FALSE,std::map,0,242,"std::map<disk_cache::Entry*, bool>"
net/disk_cache/sql/sql_backend_impl.h,FALSE,std::map,1,692,"std::map<CacheEntryKey, raw_ref<SqlEntryImpl>>"
net/disk_cache/sql/sql_backend_impl.h,FALSE,std::set,1,696,std::set<raw_ref<const SqlEntryImpl>>
net/disk_cache/sql/sql_shared_cache_manager.h,FALSE,absl::flat_hash_map,1,216,"absl::flat_hash_map<SqlSharedCacheDbId, raw_ptr<SqlSharedCache>>"
net/disk_cache/sql/sql_shared_cache_manager.h,FALSE,absl::flat_hash_map,1,218,"absl::flat_hash_map<std::string, raw_ptr<SqlSharedCache>>"
net/dns/dns_test_util.h,TRUE,std::set,1,431,"std::set<raw_ptr<MockDohProbeRunner, SetExperimental>>"
net/dns/mock_host_resolver.h,FALSE,std::set,1,490,"std::set<raw_ptr<MdnsListenerImpl, SetExperimental>>"
net/dns/stale_host_resolver.h,FALSE,std::unordered_map,0,153,"std::unordered_map<ResolveHostRequest*, std::unique_ptr<ResolveHostRequest>>"
net/dns/system_dns_config_change_notifier.cc,FALSE,std::map,0,182,"std::map<Observer*, std::unique_ptr<WrappedObserver>>"
net/filter/zstd_source_stream.cc,FALSE,std::unordered_map,0,233,"std::unordered_map<void*, size_t>"
net/http/http_network_transaction.cc,FALSE,absl::flat_hash_map,1,319,"absl::flat_hash_map<std::string_view, raw_ptr<Entry>>"
net/http/http_stream_factory_job_controller_unittest.cc,TRUE,std::vector,1,1303,std::vector<raw_ptr<MockQuicChromiumClientSession>>
net/http/http_stream_pool_attempt_manager.h,FALSE,base::flat_set,1,564,base::flat_set<raw_ptr<Job>>
net/http/http_stream_pool_attempt_manager.h,FALSE,base::flat_set,1,566,base::flat_set<raw_ptr<Job>>
net/log/net_log.h,FALSE,std::vector,1,387,"std::vector<raw_ptr<ThreadSafeObserver, VectorExperimental>>"
net/log/net_log.h,FALSE,std::vector,1,389,"std::vector<raw_ptr<ThreadSafeCaptureModeObserver, VectorExperimental>>"
net/nqe/network_quality_estimator.h,FALSE,std::unordered_map,1,678,"std::unordered_map<raw_ptr<const URLRequest>, AsyncNotifyStartTransactionInfo>"
net/nqe/network_quality_estimator.h,FALSE,std::unordered_map,1,687,"std::unordered_map<raw_ptr<const URLRequest>, base::TimeTicks>"
net/proxy_resolution/mock_proxy_resolver.h,FALSE,std::vector,1,82,"std::vector<raw_ptr<Job, VectorExperimental>>"
net/proxy_resolution/multi_threaded_proxy_resolver.h,FALSE,std::set,1,77,"std::set<raw_ptr<Job, SetExperimental>>"
net/proxy_resolution/multi_threaded_proxy_resolver_unittest.cc,TRUE,std::vector,1,212,"std::vector<raw_ptr<BlockableProxyResolver, VectorExperimental>>"
net/proxy_resolution/proxy_config_service_linux_unittest.cc,TRUE,std::map,0,168,"std::map<base::cstring_view, const char**>"
net/proxy_resolution/system_proxy_resolution_service.h,FALSE,std::set,1,84,"std::set<raw_ptr<SystemProxyResolutionRequest, SetExperimental>>"
net/quic/crypto/proof_verifier_chromium.h,FALSE,std::map,0,116,"std::map<Job*, std::unique_ptr<Job>>"
net/quic/mock_crypto_client_stream_factory.h,FALSE,base::queue,1,81,"base::queue<raw_ptr<const ProofVerifyDetailsChromium, CtnExperimental>>"
net/quic/quic_connectivity_monitor.h,FALSE,std::set,1,97,"std::set<raw_ptr<QuicChromiumClientSession, SetExperimental>>"
net/quic/quic_connectivity_monitor.h,FALSE,std::set,1,100,"std::set<raw_ptr<QuicChromiumClientSession, SetExperimental>>"
net/quic/quic_session_attempt_manager.cc,FALSE,std::set,1,207,std::set<raw_ptr<QuicSessionAttemptRequest>>
net/quic/quic_session_pool_job.h,FALSE,std::set,1,101,"std::set<raw_ptr<QuicSessionRequest, SetExperimental>>"
net/reporting/reporting_uploader.cc,FALSE,std::map,0,397,"std::map<const URLRequest*, std::unique_ptr<PendingUpload>>"
net/socket/client_socket_pool_base_unittest.cc,TRUE,std::vector,1,287,"std::vector<raw_ptr<TestConnectJob, VectorExperimental>>"
net/socket/socket_test_util.h,TRUE,std::vector,1,824,"std::vector<raw_ptr<T, DanglingUntriaged>>"
net/socket/socket_test_util.h,TRUE,std::vector,1,1357,"std::vector<raw_ptr<TestSocketRequest, VectorExperimental>>"
net/socket/transport_client_socket_pool.h,FALSE,std::list,1,551,"std::list<raw_ptr<ConnectJob, CtnExperimental>>"
net/socket/transport_client_socket_pool.h,FALSE,std::set,1,805,"std::set<raw_ptr<HigherLayeredPool, SetExperimental>>"
net/ssl/client_cert_matcher.h,FALSE,std::multimap,1,64,"std::multimap<base::raw_span<const uint8_t>, raw_ptr<CRYPTO_BUFFER>>"
net/ssl/openssl_ssl_util.h,FALSE,base::span,0,96,base::span<CRYPTO_BUFFER*>
net/test/embedded_test_server/embedded_test_server.h,TRUE,std::map,0,805,"std::map<const StreamSocket*, std::unique_ptr<HttpConnection>>"
net/websockets/websocket_deflate_stream_test.cc,TRUE,base::circular_deque,1,187,base::circular_deque<raw_ptr<const WebSocketFrame>>
net/websockets/websocket_deflate_stream_test.cc,TRUE,base::circular_deque,1,191,base::circular_deque<raw_ptr<const WebSocketFrame>>
pdf/accessibility_structs.h,FALSE,std::vector,1,150,"std::vector<raw_ptr<AccessibilityTextRunInfo, VectorExperimental>>"
printing/backend/cups_ipp_helper_unittest.cc,TRUE,std::map,1,127,"std::map<std::string_view, raw_ptr<ipp_attribute_t, CtnExperimental>>"
printing/backend/cups_ipp_helper_unittest.cc,TRUE,std::map,1,129,"std::map<std::string_view, raw_ptr<ipp_attribute_t, CtnExperimental>>"
remoting/host/audio_capturer_mac.cc,FALSE,base::flat_set,0,61,base::flat_set<AudioCapturerMac*>
remoting/host/client_session.h,FALSE,std::vector,1,139,"std::vector<raw_ptr<HostExtension, VectorExperimental>>"
remoting/host/client_session_unittest.cc,TRUE,std::vector,1,81,"std::vector<raw_ptr<HostExtension, VectorExperimental>>"
remoting/host/ftl_echo_message_listener_unittest.cc,TRUE,std::set,1,96,"std::set<raw_ptr<FtlSignalStrategy::FtlListener, SetExperimental>>"
remoting/host/ftl_host_change_notification_listener_unittest.cc,TRUE,std::set,1,87,"std::set<raw_ptr<FtlSignalStrategy::FtlListener, SetExperimental>>"
remoting/host/peer_session_impl.h,FALSE,std::vector,1,421,"std::vector<raw_ptr<HostExtension, VectorExperimental>>"
remoting/host/peer_session_impl_unittest.cc,TRUE,std::vector,1,246,"std::vector<raw_ptr<HostExtension, VectorExperimental>>"
remoting/host/win/rdp_client_window.cc,FALSE,base::AutoReset,0,144,base::AutoReset<WindowHook*>
remoting/protocol/data_channel_manager_unittest.cc,TRUE,std::map,0,58,"std::map<std::string, FakeNamedMessagePipeHandler*>"
remoting/protocol/data_channel_manager_unittest.cc,TRUE,std::map,0,98,"std::map<std::string, FakeNamedMessagePipeHandler*>"
remoting/protocol/fake_webrtc_audio_classes.h,FALSE,std::vector,0,38,std::vector<webrtc::AudioTrackSinkInterface*>
remoting/protocol/jingle_session.h,FALSE,std::vector,1,187,std::vector<raw_ptr<SessionPlugin>>
rlz/lib/financial_ping.cc,FALSE,std::atomic,0,226,std::atomic<network::mojom::URLLoaderFactory*>
sandbox/win/src/top_level_dispatcher.h,FALSE,base::flat_map,0,53,"base::flat_map<IpcTag, Dispatcher*>"
services/accessibility/android/accessibility_node_info_data_wrapper_unittest.cc,TRUE,std::map,1,88,"std::map<int32_t, raw_ptr<AccessibilityInfoDataWrapper, CtnExperimental>>"
services/audio/input_controller_unittest.cc,TRUE,std::optional,0,196,std::optional<AudioInputCallback*>
services/audio/input_sync_writer.h,FALSE,std::vector,1,167,std::vector<raw_ptr<media::AudioInputBuffer>>
services/audio/log_factory_manager_unittest.cc,TRUE,std::vector,1,77,"std::vector<raw_ptr<MockAudioLog, VectorExperimental>>"
services/audio/loopback_coordinator.h,FALSE,std::set,1,90,std::set<raw_ptr<Observer>>
services/audio/loopback_reference_manager_unittest.cc,TRUE,std::optional,0,77,std::optional<AudioInputCallback*>
services/audio/output_controller.h,FALSE,std::vector,1,353,std::vector<raw_ptr<Snooper>>
services/cert_verifier/cert_verifier_service_factory.h,FALSE,std::set,1,126,std::set<raw_ptr<internal::CertVerifierServiceImpl>>
services/cert_verifier/cert_verifier_service_unittest.cc,TRUE,std::map,1,170,"std::map<net::CertVerifier::RequestParams, raw_ptr<DummyRequest, CtnExperimental>>"
services/device/generic_sensor/platform_sensor_provider.h,FALSE,std::map,1,89,"std::map<mojom::SensorType, raw_ptr<PlatformSensor, CtnExperimental>>"
services/device/generic_sensor/platform_sensor_provider_chromeos_unittest.cc,TRUE,std::vector,1,150,"std::vector<raw_ptr<chromeos::sensors::FakeSensorDevice, VectorExperimental>>"
services/device/generic_sensor/sensor_provider_impl.h,FALSE,mojo::UniqueReceiverSet,0,80,"mojo::UniqueReceiverSet<mojom::Sensor, SensorImpl*>"
services/device/generic_sensor/sensor_provider_impl.h,FALSE,base::flat_map,0,81,"base::flat_map<SensorImpl*, mojo::ReceiverId>"
services/device/public/cpp/test/test_wake_lock_provider.cc,TRUE,std::map,0,133,"std::map<TestWakeLock*, std::unique_ptr<TestWakeLock>>"
services/device/usb/mojo/device_impl_unittest.cc,TRUE,std::map,1,567,"std::map<uint8_t, raw_ptr<const mojom::UsbConfigurationInfo, CtnExperimental>>"
services/device/usb/usb_device.h,FALSE,std::list,1,179,"std::list<raw_ptr<UsbDeviceHandle, CtnExperimental>>"
services/device/usb/usb_device_handle_impl.h,FALSE,std::set,0,166,std::set<Transfer*>
services/device/usb/usb_service_impl.h,FALSE,std::set,0,103,std::set<libusb_device*>
services/device/wake_lock/wake_lock_provider.cc,FALSE,std::map,0,39,"std::map<WakeLock*, std::unique_ptr<WakeLock>>"
services/image_annotation/annotator.h,FALSE,std::map,1,270,"std::map<RequestKey, raw_ptr<mojo::Remote<mojom::ImageProcessor>, CtnExperimental>>"
services/metrics/public/cpp/delegating_ukm_recorder.h,FALSE,std::unordered_map,0,100,"std::unordered_map<UkmRecorder*, Delegate>"
services/network/devtools_durable_msg_collector_manager.h,FALSE,std::set,1,79,std::set<raw_ptr<DevtoolsDurableMessageCollector>>
services/network/devtools_durable_msg_collector_manager.h,FALSE,std::multimap,1,82,"std::multimap<const base::UnguessableToken, raw_ptr<DevtoolsDurableMessageCollector>>"
services/network/network_context.h,FALSE,base::flat_map,0,1042,"base::flat_map<P2PSocketManager*, std::unique_ptr<P2PSocketManager>>"
services/network/network_context_unittest.cc,TRUE,std::vector,1,6249,"std::vector<raw_ptr<net::ContextHostResolver, VectorExperimental>>"
services/network/network_service.h,FALSE,std::set,1,562,"std::set<raw_ptr<NetworkContext, SetExperimental>>"
services/network/p2p/socket_manager.h,FALSE,base::flat_map,0,160,"base::flat_map<P2PSocket*, std::unique_ptr<P2PSocket>>"
services/network/public/cpp/simple_url_loader_unittest.cc,TRUE,std::list,1,2583,"std::list<raw_ptr<MockURLLoader, CtnExperimental>>"
services/network/shared_dictionary/shared_dictionary_manager.h,FALSE,std::map,1,176,"std::map<net::SharedDictionaryIsolationKey, raw_ptr<SharedDictionaryStorage>>"
services/network/shared_dictionary/shared_dictionary_storage_on_disk.h,FALSE,std::map,1,159,"std::map<base::UnguessableToken, raw_ptr<net::SharedDictionary>>"
services/network/throttling/throttling_p2p_network_interceptor.h,FALSE,std::vector,1,43,std::vector<raw_ptr<P2PSocketUdp>>
services/network/udp_socket_unittest.cc,TRUE,std::vector,1,160,"std::vector<raw_ptr<net::IOBuffer, VectorExperimental>>"
services/on_device_model/public/cpp/test_support/fake_service.h,FALSE,mojo::UniqueReceiverSet,0,273,"mojo::UniqueReceiverSet<mojom::OnDeviceModel, FakeOnDeviceModel*>"
services/on_device_model/public/cpp/test_support/fake_service.h,FALSE,mojo::UniqueReceiverSet,0,319,"mojo::UniqueReceiverSet<mojom::OnDeviceModelService, FakeOnDeviceModelService*>"
services/proxy_resolver/proxy_resolver_factory_impl.h,FALSE,std::map,0,58,"std::map<Job*, std::unique_ptr<Job>>"
services/proxy_resolver/proxy_resolver_impl.h,FALSE,std::map,0,39,"std::map<Job*, std::unique_ptr<Job>>"
services/proxy_resolver/proxy_resolver_v8_tracing.cc,FALSE,std::set,1,1015,"std::set<raw_ptr<CreateJob, SetExperimental>>"
services/resource_coordinator/memory_instrumentation/graph.h,FALSE,std::map,1,190,"std::map<std::string, raw_ptr<Node, CtnExperimental>>"
services/resource_coordinator/memory_instrumentation/graph.h,FALSE,std::vector,1,201,"std::vector<raw_ptr<GlobalDumpGraph::Edge, VectorExperimental>>"
services/resource_coordinator/memory_instrumentation/graph.h,FALSE,std::vector,1,234,"std::vector<raw_ptr<Node, VectorExperimental>>"
services/resource_coordinator/memory_instrumentation/graph.h,FALSE,std::set,1,235,"std::set<raw_ptr<const Node, SetExperimental>>"
services/resource_coordinator/memory_instrumentation/graph.h,FALSE,std::vector,1,250,"std::vector<raw_ptr<Node, VectorExperimental>>"
services/resource_coordinator/memory_instrumentation/graph.h,FALSE,std::set,1,251,"std::set<raw_ptr<Node, SetExperimental>>"
services/resource_coordinator/memory_instrumentation/graph.h,FALSE,std::vector,1,252,"std::vector<raw_ptr<Node, VectorExperimental>>"
services/resource_coordinator/public/cpp/memory_instrumentation/memory_instrumentation.cc,FALSE,std::atomic,0,15,std::atomic<MemoryInstrumentation*>
services/service_manager/catalog.h,FALSE,std::map,1,44,"std::map<Manifest::ServiceName, raw_ptr<const Manifest, CtnExperimental>>"
services/service_manager/catalog.h,FALSE,std::map,1,51,"std::map<Manifest::ServiceName, raw_ptr<const Manifest, CtnExperimental>>"
services/tracing/perfetto/perfetto_service.h,FALSE,std::set,1,89,"std::set<raw_ptr<ConsumerHost::TracingSession, SetExperimental>>"
services/tracing/public/cpp/background_tracing/background_tracing_manager.h,FALSE,std::vector,1,300,std::vector<raw_ptr<TracingScenario>>
services/tracing/public/cpp/background_tracing/background_tracing_manager.h,FALSE,std::set,1,308,"std::set<raw_ptr<EnabledStateTestObserver, SetExperimental>>"
services/tracing/public/cpp/perfetto/perfetto_traced_process.h,FALSE,raw_ptr,1,154,raw_ptr<const raw_ptr<PerfettoTracedProcess::DataSourceBase>>
services/video_capture/video_source_impl.h,FALSE,std::map,0,80,"std::map<PushVideoStreamSubscriptionImpl*, std::unique_ptr<PushVideoStreamSubscriptionImpl>>"
sql/vfs_wrapper_fuchsia.cc,FALSE,base::flat_set,0,29,base::flat_set<VfsFile*>
storage/browser/blob/blob_entry.h,FALSE,std::vector,1,76,"std::vector<raw_ptr<ShareableBlobDataItem, VectorExperimental>>"
storage/browser/blob/blob_memory_controller.h,FALSE,base::LRUCache,0,315,"base::LRUCache<uint64_t, ShareableBlobDataItem*>"
storage/browser/file_system/copy_or_move_operation_delegate.h,FALSE,std::map,0,196,"std::map<CopyOrMoveImpl*, std::unique_ptr<CopyOrMoveImpl>>"
storage/browser/file_system/file_system_context.h,FALSE,std::map,1,452,"std::map<FileSystemType, raw_ptr<FileSystemBackend, CtnExperimental>>"
storage/browser/file_system/file_system_context.h,FALSE,std::vector,1,461,"std::vector<raw_ptr<MountPoints, VectorExperimental>>"
storage/browser/file_system/quota/quota_reservation_buffer.h,FALSE,std::map,1,74,"std::map<base::FilePath, raw_ptr<OpenFileHandleContext, CtnExperimental>>"
storage/browser/quota/quota_manager_impl.cc,FALSE,std::map,0,803,"std::map<BucketDataDeleter*, std::unique_ptr<BucketDataDeleter>>"
storage/browser/quota/quota_manager_impl.h,FALSE,base::flat_map,0,822,"base::flat_map<mojom::QuotaClient*, QuotaClientType>"
storage/browser/quota/quota_manager_impl.h,FALSE,std::map,0,849,"std::map<BucketSetDataDeleter*, std::unique_ptr<BucketSetDataDeleter>>"
storage/browser/quota/quota_manager_impl.h,FALSE,std::map,0,851,"std::map<BucketDataDeleter*, std::unique_ptr<BucketDataDeleter>>"
storage/browser/quota/quota_task.h,FALSE,std::set,1,82,"std::set<raw_ptr<QuotaTask, SetExperimental>>"
testing/libfuzzer/renderer_fuzzing/renderer_fuzzing.h,FALSE,std::unordered_map,1,29,"std::unordered_map<std::string, raw_ptr<RendererFuzzerBase, CtnExperimental>>"
third_party/blink/common/unique_name/unique_name_helper_unittest.cc,TRUE,std::vector,1,155,"std::vector<raw_ptr<TestFrameAdapter, VectorExperimental>>"
third_party/blink/public/common/loader/throttling_url_loader.h,FALSE,std::map,0,271,"std::map<URLLoaderThrottle*, /*start=*/base::Time>"
third_party/blink/public/platform/modules/mediastream/secure_display_link_tracker.h,FALSE,Vector,0,29,Vector<T*>
third_party/blink/public/web/modules/mediastream/media_stream_video_source.h,FALSE,Vector,0,428,Vector<MediaStreamVideoTrack*>
third_party/blink/public/web/modules/mediastream/media_stream_video_source.h,FALSE,Vector,0,432,Vector<MediaStreamVideoTrack*>
third_party/blink/renderer/bindings/core/v8/profiler_trace_builder.h,FALSE,HashMap,0,166,"HashMap<const v8::CpuProfileNode*, wtf_size_t, ProfilerNodeStackHashTraits>"
third_party/blink/renderer/bindings/core/v8/profiler_trace_builder.h,FALSE,HashMap,0,168,"HashMap<const v8::CpuProfileNode*, wtf_size_t, ProfilerNodeFrameHashTraits>"
third_party/blink/renderer/bindings/core/v8/script_streamer.cc,FALSE,std::variant,0,631,"std::variant<ScriptDecoderWithClient*, ScriptDecoder*>"
third_party/blink/renderer/bindings/core/v8/serialization/serialized_script_value.h,FALSE,HashMap,0,470,"HashMap<const void* const*, std::unique_ptr<Attachment>>"
third_party/blink/renderer/bindings/core/v8/serialization/transferables.h,FALSE,HeapHashMap,0,67,"HeapHashMap<const void* const*, Member<TransferList>>"
third_party/blink/renderer/controller/javascript_call_stack_generator.h,FALSE,HashMap,0,31,"HashMap<JavaScriptCallStackCollector*, std::unique_ptr<JavaScriptCallStackCollector>>"
third_party/blink/renderer/core/css/css_math_function_value.cc,FALSE,Member,0,19,Member<void*>
third_party/blink/renderer/core/css/css_property_value.cc,FALSE,Member,0,36,Member<void*>
third_party/blink/renderer/core/css/css_selector.cc,FALSE,Member,0,96,Member<void*>
third_party/blink/renderer/core/css/element_rule_collector.h,FALSE,base::AutoReset,0,252,base::AutoReset<const TreeScope*>
third_party/blink/renderer/core/css/invalidation/style_invalidator.h,FALSE,Vector,0,96,Vector<const NthSiblingInvalidationSet*>
third_party/blink/renderer/core/css/page_margins_style.h,FALSE,std::array,0,53,"std::array<const ComputedStyle*, kTotalMarginCount>"
third_party/blink/renderer/core/css/properties/css_color_function_parser.h,FALSE,std::array,0,76,"std::array<const CSSValue*, 3>"
third_party/blink/renderer/core/css/properties/css_direction_aware_resolver.h,FALSE,base::raw_span,0,32,"base::raw_span<const CSSProperty* const, UnprotectedInRelease | DanglingUntriaged>"
third_party/blink/renderer/core/css/resolver/match_result.h,FALSE,Member,0,98,Member<void*>
third_party/blink/renderer/core/css/resolver/match_result.h,FALSE,Member,0,99,Member<void*>
third_party/blink/renderer/core/css/resolver/style_cascade.h,FALSE,HashMap,0,533,"HashMap<String, const CSSSyntaxDefinition*>"
third_party/blink/renderer/core/css/rule_set.h,FALSE,Member,0,185,Member<void*>
third_party/blink/renderer/core/css/selector_checker.h,FALSE,base::span,0,269,base::span<Element* const>
third_party/blink/renderer/core/dom/document.h,FALSE,Vector,0,2897,Vector<AXContext*>
third_party/blink/renderer/core/dom/element_data.cc,FALSE,Member,0,43,Member<void*>
third_party/blink/renderer/core/dom/element_data.cc,FALSE,Member,0,44,Member<void*>
third_party/blink/renderer/core/dom/node.cc,FALSE,Member,0,178,Member<void*>
third_party/blink/renderer/core/dom/node.cc,FALSE,Member,0,189,Member<void*>
third_party/blink/renderer/core/dom/shadow_root.cc,FALSE,Member,0,99,Member<void*>
third_party/blink/renderer/core/editing/finder/find_results.h,FALSE,Vector,0,47,"Vector<TextSearcherIcu*, 1>"
third_party/blink/renderer/core/frame/web_frame_test.cc,TRUE,HashMap,0,1371,"HashMap<WebLocalFrame*, HashSet<String>>"
third_party/blink/renderer/core/html/parser/html_document_parser_fastpath.cc,FALSE,Vector,0,481,Vector<StringImpl*>
third_party/blink/renderer/core/inspector/devtools_agent.h,FALSE,HashMap,0,157,"HashMap<WorkerThread*, std::unique_ptr<WorkerData>>"
third_party/blink/renderer/core/inspector/inspector_contrast.h,FALSE,cc::RTree,0,62,cc::RTree<Node*>
third_party/blink/renderer/core/inspector/inspector_dom_snapshot_agent.h,FALSE,HeapHashMap,0,121,"HeapHashMap<Member<const ComputedStyle>, protocol::Array<int>*>"
third_party/blink/renderer/core/inspector/inspector_memory_agent.h,FALSE,HashMap,0,80,"HashMap<const void*, String>"
third_party/blink/renderer/core/inspector/inspector_session_state.h,FALSE,Vector,0,291,Vector<Field*>
third_party/blink/renderer/core/inspector/thread_debugger_common_impl.h,FALSE,Vector,0,125,Vector<void*>
third_party/blink/renderer/core/inspector/worker_thread_debugger.h,FALSE,HashMap,0,97,"HashMap<int, WorkerThread*>"
third_party/blink/renderer/core/layout/constraint_space.cc,FALSE,Member,0,27,Member<void*>
third_party/blink/renderer/core/layout/grid/grid_placement.h,FALSE,Vector,0,113,"Vector<const PlacedGridItem*, 16>"
third_party/blink/renderer/core/layout/grid_lanes/grid_lanes_running_positions.h,FALSE,HashSet,0,301,HashSet<const void*>
third_party/blink/renderer/core/layout/inline/fragment_item.cc,FALSE,Member,0,37,Member<void*>
third_party/blink/renderer/core/layout/inline/inline_item.cc,FALSE,UntracedMember,0,18,UntracedMember<void*>
third_party/blink/renderer/core/layout/inline/offset_mapping_builder.h,FALSE,base::AutoReset,0,71,base::AutoReset<const LayoutObject*>
third_party/blink/renderer/core/layout/layout_block_flow.cc,FALSE,Member,0,129,Member<void*>
third_party/blink/renderer/core/layout/layout_box.cc,FALSE,Member,0,156,Member<void*>
third_party/blink/renderer/core/layout/layout_box.cc,FALSE,Member,0,157,Member<void*>
third_party/blink/renderer/core/layout/layout_box.cc,FALSE,Member,0,160,Member<void*>
third_party/blink/renderer/core/layout/layout_object.cc,FALSE,Member,0,354,Member<void*>
third_party/blink/renderer/core/layout/layout_result.cc,FALSE,Member,0,27,Member<void*>
third_party/blink/renderer/core/layout/layout_result.cc,FALSE,Member,0,28,Member<void*>
third_party/blink/renderer/core/layout/physical_box_fragment.cc,FALSE,Member,0,56,Member<void*>
third_party/blink/renderer/core/layout/physical_fragment.cc,FALSE,Member,0,32,Member<void*>
third_party/blink/renderer/core/layout/physical_fragment.cc,FALSE,Member,0,35,Member<void*>
third_party/blink/renderer/core/lcp_critical_path_predictor/element_locator.h,FALSE,HashMap,0,45,"HashMap<const StringImpl*, int>"
third_party/blink/renderer/core/lcp_critical_path_predictor/lcp_script_observer.h,FALSE,Vector,0,46,Vector<const probe::ExecuteScript*>
third_party/blink/renderer/core/lcp_critical_path_predictor/lcp_script_observer.h,FALSE,Vector,0,50,Vector<const probe::CallFunction*>
third_party/blink/renderer/core/page/focus_controller.cc,FALSE,std::optional,0,826,std::optional<const Element*>
third_party/blink/renderer/core/paint/object_paint_properties.h,FALSE,std::array,0,290,"std::array<const TransformPaintPropertyNode*, 5>"
third_party/blink/renderer/core/paint/paint_layer.cc,FALSE,Member,0,136,Member<void*>
third_party/blink/renderer/core/paint/paint_layer.cc,FALSE,std::unique_ptr,0,138,std::unique_ptr<void*>
third_party/blink/renderer/core/paint/paint_layer_stacking_node.cc,FALSE,std::array,0,116,"std::array<const PaintLayer*, kLayerTypeCount>"
third_party/blink/renderer/core/sanitizer/sanitizer_builtins.h,FALSE,base::span,0,42,base::span<const QualifiedName* const>
third_party/blink/renderer/core/style/computed_style.cc,FALSE,Member,0,133,Member<void*>
third_party/blink/renderer/core/style/computed_style.cc,FALSE,Member,0,142,Member<void*>
third_party/blink/renderer/core/testing/sim/sim_network.h,FALSE,HashMap,0,55,"HashMap<String, SimRequestBase*>"
third_party/blink/renderer/core/workers/worker_thread.h,FALSE,HashSet,0,503,HashSet<WorkerThread*>
third_party/blink/renderer/modules/mediastream/media_stream_video_track.h,FALSE,Vector,0,245,Vector<WebMediaStreamSink*>
third_party/blink/renderer/modules/mediastream/media_stream_video_track.h,FALSE,Vector,0,246,Vector<WebMediaStreamSink*>
third_party/blink/renderer/modules/mediastream/media_stream_video_track.h,FALSE,HashSet,0,267,HashSet<WebMediaStreamSink*>
third_party/blink/renderer/modules/mediastream/media_stream_video_track.h,FALSE,HashSet,0,268,HashSet<WebMediaStreamSink*>
third_party/blink/renderer/modules/mediastream/user_media_processor.cc,FALSE,Vector,0,587,Vector<blink::WebPlatformMediaStreamSource*>
third_party/blink/renderer/modules/mediastream/video_track_adapter.cc,FALSE,base::flat_map,0,314,"base::flat_map<const MediaStreamVideoTrack*, VideoTrackCallbacks>"
third_party/blink/renderer/modules/peerconnection/rtc_peer_connection.h,FALSE,HeapHashMap,0,515,"HeapHashMap<webrtc::DtlsTransportInterface*, WeakMember<RTCDtlsTransport>>"
third_party/blink/renderer/modules/peerconnection/rtc_peer_connection.h,FALSE,HeapHashMap,0,518,"HeapHashMap<webrtc::IceTransportInterface*, WeakMember<RTCIceTransport>>"
third_party/blink/renderer/modules/peerconnection/rtc_peer_connection_handler_test.cc,TRUE,std::map,0,612,"std::map<webrtc::MediaStreamTrackInterface*, webrtc::scoped_refptr<webrtc::RtpReceiverInterface>>"
third_party/blink/renderer/modules/peerconnection/rtp_contributing_source_cache.h,FALSE,HashMap,0,80,"HashMap<RTCRtpReceiverPlatform*, RTCRtpSources>"
third_party/blink/renderer/modules/peerconnection/rtp_contributing_source_cache.h,FALSE,HashMap,0,82,"HashMap<RTCRtpReceiverPlatform*, RTCRtpSources>"
third_party/blink/renderer/modules/webaudio/audio_listener_handler.h,FALSE,HashSet,0,143,HashSet<PannerHandler*>
third_party/blink/renderer/modules/webaudio/audio_node_input.h,FALSE,HashSet,0,98,HashSet<AudioNodeOutput*>
third_party/blink/renderer/modules/webaudio/audio_node_output.h,FALSE,HashSet,0,173,HashSet<AudioNodeInput*>
third_party/blink/renderer/modules/webaudio/audio_node_output.h,FALSE,HashSet,0,186,HashSet<AudioParamHandler*>
third_party/blink/renderer/modules/webaudio/audio_summing_junction.h,FALSE,HashSet,0,78,HashSet<AudioNodeOutput*>
third_party/blink/renderer/modules/webaudio/audio_summing_junction.h,FALSE,Vector,0,88,Vector<AudioNodeOutput*>
third_party/blink/renderer/modules/webaudio/deferred_task_handler.h,FALSE,HashSet,0,260,HashSet<AudioHandler*>
third_party/blink/renderer/modules/webaudio/deferred_task_handler.h,FALSE,HashSet,0,275,HashSet<AudioHandler*>
third_party/blink/renderer/modules/webaudio/deferred_task_handler.h,FALSE,HashSet,0,277,HashSet<AudioHandler*>
third_party/blink/renderer/modules/webaudio/deferred_task_handler.h,FALSE,HashSet,0,282,HashSet<AudioSummingJunction*>
third_party/blink/renderer/modules/webaudio/deferred_task_handler.h,FALSE,HashSet,0,283,HashSet<AudioNodeOutput*>
third_party/blink/renderer/platform/bindings/parkable_string.h,FALSE,std::variant,1,418,"std::variant<raw_ptr<const SecureStringDigest>, std::unique_ptr<const SecureStringDigest>>"
third_party/blink/renderer/platform/bindings/v8_per_context_data.h,FALSE,HeapHashMap,0,127,"HeapHashMap<const WrapperTypeInfo*, TraceWrapperV8Reference<v8::Object>>"
third_party/blink/renderer/platform/bindings/v8_per_context_data.h,FALSE,HeapHashMap,0,130,"HeapHashMap<const WrapperTypeInfo*, TraceWrapperV8Reference<v8::Function>>"
third_party/blink/renderer/platform/bindings/v8_per_isolate_data.h,FALSE,HashMap,0,315,"HashMap<const void*, v8::Eternal<v8::DictionaryTemplate>, SimplePtrHashTraits>"
third_party/blink/renderer/platform/bindings/v8_per_isolate_data.h,FALSE,HashMap,0,319,"HashMap<const void*, Vector<v8::Eternal<v8::Name>>>"
third_party/blink/renderer/platform/bindings/v8_private_property.h,FALSE,HashMap,0,128,"HashMap<const void*, v8::Eternal<v8::Private>>"
third_party/blink/renderer/platform/fonts/shaping/shape_result.cc,FALSE,Member,0,94,Member<void*>
third_party/blink/renderer/platform/fonts/shaping/shape_result.cc,FALSE,Member,0,96,Member<void*>
third_party/blink/renderer/platform/graphics/gpu/webgraphics_shared_image_interface_provider_impl.h,FALSE,Vector,0,56,Vector<BitmapGpuChannelLostObserver*>
third_party/blink/renderer/platform/graphics/video_frame_sink_bundle.h,FALSE,HashMap,0,144,"HashMap<uint32_t, viz::mojom::blink::CompositorFrameSinkClient*>"
third_party/blink/renderer/platform/image-decoders/image_decoder.h,FALSE,std::array,0,105,"std::array<void*, cc::kNumYUVPlanes>"
third_party/blink/renderer/platform/instrumentation/tracing/web_process_memory_dump.h,FALSE,HashMap,0,152,"HashMap<base::trace_event::MemoryAllocatorDump*, std::unique_ptr<WebMemoryAllocatorDump>>"
third_party/blink/renderer/platform/loader/fetch/url_loader/sync_load_context.h,FALSE,raw_ptr,0,137,raw_ptr<SyncLoadContext*>
third_party/blink/renderer/platform/media/multi_buffer_data_source_unittest.cc,TRUE,std::set,0,47,std::set<TestMultiBufferDataProvider*>
third_party/blink/renderer/platform/media/multi_buffer_unittest.cc,TRUE,std::vector,0,39,std::vector<FakeMultiBufferDataProvider*>
third_party/blink/renderer/platform/mediastream/media_stream_audio_deliverer.h,FALSE,Vector,0,180,Vector<Consumer*>
third_party/blink/renderer/platform/mediastream/media_stream_audio_deliverer.h,FALSE,Vector,0,184,Vector<Consumer*>
third_party/blink/renderer/platform/mediastream/transferred_media_stream_component.h,FALSE,Vector,0,90,Vector<WebMediaStreamAudioSink*>
third_party/blink/renderer/platform/peerconnection/bridge_ice_controller_test.cc,TRUE,std::vector,0,87,std::vector<const Connection*>
third_party/blink/renderer/platform/peerconnection/webrtc_audio_sink.h,FALSE,Vector,0,162,Vector<webrtc::AudioTrackSinkInterface*>
third_party/blink/renderer/platform/scheduler/common/throttling/budget_pool.h,FALSE,HashSet,0,103,HashSet<TaskQueueThrottler*>
third_party/blink/renderer/platform/scheduler/common/throttling/task_queue_throttler.h,FALSE,HashSet,0,123,HashSet<BudgetPool*>
third_party/blink/renderer/platform/scheduler/common/tracing_helper.h,FALSE,HashSet,0,63,HashSet<TraceableVariable*>
third_party/blink/renderer/platform/scheduler/main_thread/agent_group_scheduler_impl.h,FALSE,HashSet,0,96,HashSet<PageSchedulerImpl*>
third_party/blink/renderer/platform/scheduler/main_thread/main_thread_scheduler_impl.h,FALSE,HashSet,0,784,HashSet<PageSchedulerImpl*>
third_party/blink/renderer/platform/scheduler/main_thread/page_scheduler_impl.h,FALSE,HashSet,0,228,HashSet<FrameSchedulerImpl*>
third_party/blink/renderer/platform/scheduler/public/event_loop.h,FALSE,HashSet,0,163,HashSet<FrameOrWorkerScheduler*>
third_party/blink/renderer/platform/scheduler/worker/worker_thread_scheduler.h,FALSE,HashSet,0,137,HashSet<WorkerSchedulerImpl*>
third_party/blink/renderer/platform/text/text_break_iterator_icu.cc,FALSE,HashMap,0,113,"HashMap<icu::BreakIterator*, AtomicString>"
third_party/blink/renderer/platform/widget/compositing/android_webview/synchronous_layer_tree_frame_sink.cc,FALSE,raw_ptr,1,79,raw_ptr<raw_ptr<SkCanvas>>
third_party/blink/renderer/platform/wtf/deque_test.cc,TRUE,HashSet,0,287,HashSet<void*>
third_party/blink/renderer/platform/wtf/wtf_test_helper.cc,TRUE,HashSet,0,17,HashSet<void*>
third_party/blink/renderer/platform/wtf/wtf_test_helper.h,TRUE,HashSet,0,260,HashSet<void*>
ui/accessibility/ax_action_handler_registry.h,FALSE,std::map,1,106,"std::map<AXTreeID, raw_ptr<AXActionHandlerBase, CtnExperimental>>"
ui/accessibility/ax_node.h,FALSE,std::vector,1,828,"std::vector<raw_ptr<AXNode, VectorExperimental>>"
ui/accessibility/ax_table_info.h,FALSE,std::vector,1,91,"std::vector<raw_ptr<AXNode, VectorExperimental>>"
ui/accessibility/ax_table_info.h,FALSE,std::vector,1,100,"std::vector<raw_ptr<AXNode, VectorExperimental>>"
ui/accessibility/ax_tree.cc,FALSE,std::vector,1,738,"std::vector<raw_ptr<const AXNode, VectorExperimental>>"
ui/accessibility/ax_tree_manager_map.h,FALSE,absl::flat_hash_map,1,31,"absl::flat_hash_map<AXTreeID, raw_ptr<AXTreeManager>, AXTreeIDHash>"
ui/accessibility/ax_tree_serializer.h,FALSE,std::map,0,239,"std::map<AXNodeID, ClientTreeNode*>"
ui/accessibility/ax_tree_serializer.h,FALSE,std::vector,1,274,"std::vector<raw_ptr<ClientTreeNode, UnprotectedInRelease>>"
ui/accessibility/ax_tree_source_checker_unittest.cc,TRUE,std::map,1,91,"std::map<AXNodeID, raw_ptr<FakeAXNode, CtnExperimental>>"
ui/accessibility/platform/ax_fragment_root_win.cc,FALSE,absl::flat_hash_map,1,327,"absl::flat_hash_map<gfx::AcceleratedWidget, raw_ptr<AXFragmentRootWin, CtnExperimental>>"
ui/accessibility/platform/browser_accessibility_manager_win.h,FALSE,std::vector,1,112,"std::vector<raw_ptr<BrowserAccessibility, VectorExperimental>>"
ui/accessibility/platform/browser_accessibility_manager_win.h,FALSE,std::vector,1,113,"std::vector<raw_ptr<BrowserAccessibility, VectorExperimental>>"
ui/accessibility/platform/browser_accessibility_manager_win.h,FALSE,std::set,1,160,"std::set<raw_ptr<BrowserAccessibility, SetExperimental>>"
ui/accessibility/platform/browser_accessibility_manager_win.h,FALSE,std::set,1,167,"std::set<raw_ptr<BrowserAccessibility, SetExperimental>>"
ui/accessibility/platform/browser_accessibility_manager_win.h,FALSE,std::set,1,174,"std::set<raw_ptr<BrowserAccessibility, SetExperimental>>"
ui/accessibility/platform/browser_accessibility_manager_win.h,FALSE,std::set,1,179,"std::set<raw_ptr<BrowserAccessibility, SetExperimental>>"
ui/accessibility/platform/fuchsia/accessibility_bridge_fuchsia_registry.h,FALSE,base::flat_map,0,52,"base::flat_map<aura::Window*, AccessibilityBridgeFuchsia*>"
ui/accessibility/platform/test_ax_node_wrapper.cc,TRUE,std::map,0,39,"std::map<AXTree*, AXNode*>"
ui/actions/actions.cc,FALSE,ui::ClassProperty,0,45,ui::ClassProperty<std::u16string*>
ui/actions/actions.h,FALSE,ui::ClassProperty,0,702,ui::ClassProperty<std::u16string*>
ui/android/modal_dialog_wrapper.h,FALSE,std::vector,0,124,std::vector<DialogModelMenuItem*>
ui/android/view_android.h,FALSE,std::list,1,344,"std::list<raw_ptr<ViewAndroid, CtnExperimental>>"
ui/aura/env.h,FALSE,std::vector,1,206,"std::vector<raw_ptr<aura::WindowTreeHost, VectorExperimental>>"
ui/aura/env.h,FALSE,base::flat_map,0,211,"base::flat_map<const aura::Window*, gfx::Point>"
ui/aura/gestures/gesture_recognizer_unittest.cc,TRUE,raw_ptr,0,4704,raw_ptr<aura::Window*>
ui/aura/host_frame_rate_throttler.h,FALSE,base::flat_set,1,39,"base::flat_set<raw_ptr<WindowTreeHost, CtnExperimental>>"
ui/aura/native_window_occlusion_tracker_win.h,FALSE,base::flat_map,1,344,"base::flat_map<HWND, raw_ptr<Window, CtnExperimental>>"
ui/aura/window.h,FALSE,base::raw_span,1,146,"base::raw_span<const raw_ptr<Window, VectorExperimental>>"
ui/aura/window_occlusion_change_builder.cc,FALSE,base::flat_map,0,68,"base::flat_map<Window*, OcclusionData>"
ui/aura/window_occlusion_tracker.h,FALSE,base::flat_map,0,446,"base::flat_map<Window*, OcclusionData>"
ui/aura/window_occlusion_tracker.h,FALSE,base::flat_map,0,449,"base::flat_map<Window*, size_t>"
ui/aura/window_occlusion_tracker.h,FALSE,base::flat_set,1,458,"base::flat_set<raw_ptr<Window, CtnExperimental>>"
ui/aura/window_occlusion_tracker.h,FALSE,base::flat_set,1,462,"base::flat_set<raw_ptr<Window, CtnExperimental>>"
ui/aura/window_occlusion_tracker.h,FALSE,base::flat_map,0,465,"base::flat_map<Window*, RootWindowState>"
ui/aura_extra/window_position_in_root_monitor.h,FALSE,std::vector,1,49,"std::vector<raw_ptr<aura::Window, VectorExperimental>>"
ui/base/accelerators/accelerator_manager.h,FALSE,std::list,1,136,"std::list<raw_ptr<AcceleratorTarget, CtnExperimental>>"
ui/base/interaction/element_tracker.cc,FALSE,std::list,1,152,"std::list<raw_ptr<TrackedElement, CtnExperimental>>"
ui/base/interaction/element_tracker.cc,FALSE,std::set,1,216,"std::set<raw_ptr<ElementData, SetExperimental>>"
ui/base/interaction/element_tracker.h,FALSE,std::list,1,289,"std::list<raw_ptr<TrackedElement, CtnExperimental>>"
ui/base/interaction/element_tracker_mac.h,FALSE,std::map,0,90,"std::map<NSMenu*, MenuData>"
ui/base/metadata/metadata_cache.h,FALSE,std::vector,1,41,"std::vector<raw_ptr<ClassMetaData, VectorExperimental>>"
ui/base/metadata/metadata_types.h,FALSE,std::vector,1,180,"std::vector<raw_ptr<MemberMetaDataBase, VectorExperimental>>"
ui/base/test/cocoa_helper.h,FALSE,NSArray,0,41,NSArray<NSView*>
ui/base/unowned_user_data/unowned_user_data_host.h,FALSE,std::map,1,69,"std::map<UntypedKey, raw_ptr<void>>"
ui/base/win/hwnd_subclass.h,FALSE,std::vector,1,78,"std::vector<raw_ptr<HWNDMessageFilter, VectorExperimental>>"
ui/compositor/compositor_lock.h,FALSE,std::vector,1,72,"std::vector<raw_ptr<CompositorLock, VectorExperimental>>"
ui/compositor/layer.h,FALSE,std::vector,1,720,"std::vector<raw_ptr<Layer, VectorExperimental>>"
ui/compositor/layer.h,FALSE,base::flat_set,1,725,"base::flat_set<raw_ptr<Layer, CtnExperimental>>"
ui/compositor/scoped_layer_animation_settings.h,FALSE,std::set,1,72,"std::set<raw_ptr<ImplicitAnimationObserver, SetExperimental>>"
ui/display/mac/cv_display_link_mac.h,FALSE,std::set,0,106,std::set<VSyncCallbackMac*>
ui/display/manager/test/test_display_layout_manager.h,TRUE,std::vector,1,54,"std::vector<raw_ptr<DisplaySnapshot, VectorExperimental>>"
ui/display/manager/update_display_configuration_task.h,FALSE,std::vector,1,135,"std::vector<raw_ptr<DisplaySnapshot, VectorExperimental>>"
ui/display/manager/update_display_configuration_task.h,FALSE,std::vector,1,140,"std::vector<raw_ptr<DisplaySnapshot, VectorExperimental>>"
ui/display/manager/update_display_configuration_task_unittest.cc,TRUE,std::vector,1,231,"std::vector<raw_ptr<DisplaySnapshot, VectorExperimental>>"
ui/events/event_handler.h,FALSE,base::stack,1,64,"base::stack<raw_ptr<EventDispatcher, CtnExperimental>>"
ui/events/gestures/gesture_recognizer_impl.h,FALSE,std::map,1,126,"std::map<uint32_t, raw_ptr<GestureProviderAura, CtnExperimental>>"
ui/events/ozone/evdev/libgestures_glue/gesture_property_provider.cc,FALSE,std::unordered_map,0,597,"std::unordered_map<std::string, GesturesProp*>"
ui/events/platform/platform_event_source.h,FALSE,base::AutoReset,0,114,base::AutoReset<PlatformEventSource*>
ui/events/platform/scoped_event_dispatcher.h,FALSE,base::AutoReset,1,37,base::AutoReset<raw_ptr<PlatformEventDispatcher>>
ui/gtk/gtk_ui.h,FALSE,std::unordered_map,0,240,"std::unordered_map<GdkMonitor*, std::pair<ScopedGSignal, ScopedGSignal>>"
ui/gtk/select_file_dialog_linux_gtk.h,FALSE,base::flat_map,0,156,"base::flat_map<GtkWidget*, DialogState>"
ui/linux/dark_mode_manager_linux_unittest.cc,TRUE,std::vector,1,174,"std::vector<raw_ptr<LinuxUiTheme, VectorExperimental>>"
ui/message_center/fake_message_center.h,FALSE,std::vector,1,123,"std::vector<raw_ptr<NotificationBlocker, VectorExperimental>>"
ui/message_center/message_center_impl.h,FALSE,std::vector,1,165,"std::vector<raw_ptr<NotificationBlocker, VectorExperimental>>"
ui/message_center/views/message_popup_collection_unittest.cc,TRUE,std::vector,1,123,"std::vector<raw_ptr<MockMessagePopupView, VectorExperimental>>"
ui/message_center/views/notification_view_base.h,FALSE,std::vector,1,393,"std::vector<raw_ptr<views::LabelButton, VectorExperimental>>"
ui/message_center/views/notification_view_base.h,FALSE,std::vector,1,394,"std::vector<raw_ptr<views::View, VectorExperimental>>"
ui/message_center/views/notification_view_base.h,FALSE,std::map,0,403,"std::map<views::LabelButton*, std::optional<std::u16string>>"
ui/ozone/platform/drm/gpu/gbm_surface_factory.h,FALSE,std::map,1,117,"std::map<gfx::AcceleratedWidget, raw_ptr<GbmSurfaceless, CtnExperimental>>"
ui/ozone/platform/flatland/flatland_surface_factory.h,FALSE,base::flat_map,0,92,"base::flat_map<gfx::AcceleratedWidget, FlatlandSurface*>"
ui/ozone/platform/flatland/flatland_window_manager.h,FALSE,base::IDMap,0,52,base::IDMap<FlatlandWindow*>
ui/ozone/platform/headless/headless_window_manager.h,FALSE,base::IDMap,0,43,base::IDMap<HeadlessWindow*>
ui/ozone/platform/wayland/gpu/wayland_buffer_manager_gpu.h,FALSE,std::map,1,301,"std::map<gfx::AcceleratedWidget, raw_ptr<WaylandSurfaceGpu, CtnExperimental>>"
ui/ozone/platform/wayland/host/wayland_buffer_backing.h,FALSE,base::flat_map,0,88,"base::flat_map<WaylandSurface*, std::unique_ptr<WaylandBufferHandle>>"
ui/ozone/platform/wayland/host/wayland_buffer_handle.h,FALSE,base::flat_map,0,120,"base::flat_map<WaylandSurface*, base::OnceCallback<void(wl_buffer*, bool)>>"
ui/ozone/platform/wayland/host/wayland_cursor.h,FALSE,base::flat_map,0,97,"base::flat_map<wl_buffer*, WaylandShmBuffer>"
ui/ozone/platform/wayland/host/wayland_frame_manager.h,FALSE,base::flat_map,1,71,"base::flat_map<WaylandSurface*, raw_ptr<WaylandBufferHandle, CtnExperimental>>"
ui/ozone/platform/wayland/host/wayland_input_method_context.h,FALSE,base::flat_map,0,183,"base::flat_map<TextInputClient*, base::WeakPtr<TextInputClient>>"
ui/ozone/platform/wayland/host/wayland_window.h,FALSE,std::vector,1,598,std::vector<raw_ptr<WaylandBubble>>
ui/ozone/platform/wayland/host/wayland_window.h,FALSE,std::list,1,617,"std::list<raw_ptr<WaylandSubsurface, CtnExperimental>>"
ui/ozone/platform/wayland/host/wayland_window.h,FALSE,std::list,1,619,"std::list<raw_ptr<WaylandSubsurface, CtnExperimental>>"
ui/ozone/platform/wayland/host/wayland_window_manager.h,FALSE,base::flat_map,1,160,"base::flat_map<gfx::AcceleratedWidget, raw_ptr<WaylandWindow, CtnExperimental>>"
ui/ozone/platform/wayland/test/mock_wp_presentation.h,FALSE,std::vector,1,83,std::vector<raw_ptr<wl_resource>>
ui/ozone/platform/wayland/test/mock_zwp_linux_dmabuf.h,FALSE,std::vector,1,49,"std::vector<raw_ptr<TestZwpLinuxBufferParamsV1, VectorExperimental>>"
ui/ozone/platform/wayland/test/test_compositor.h,TRUE,std::vector,1,37,"std::vector<raw_ptr<MockSurface, VectorExperimental>>"
ui/ozone/platform/wayland/test/test_wp_linux_drm_syncobj.h,TRUE,std::map,1,59,"std::map<int, raw_ptr<wl_resource>>"
ui/ozone/platform/x11/test/x11_drag_drop_client_unittest.cc,TRUE,std::map,1,220,"std::map<x11::Window, raw_ptr<ClientMessageEventCollector, CtnExperimental>>"
ui/ozone/platform/x11/x11_window_manager.h,FALSE,base::flat_map,1,55,"base::flat_map<gfx::AcceleratedWidget, raw_ptr<X11Window, CtnExperimental>>"
ui/views/accessibility/ax_aura_obj_cache.h,FALSE,std::map,0,152,"std::map<views::View*, ui::AXNodeID>"
ui/views/accessibility/ax_aura_obj_cache.h,FALSE,std::map,0,153,"std::map<views::AXVirtualView*, ui::AXNodeID>"
ui/views/accessibility/ax_aura_obj_cache.h,FALSE,std::map,0,154,"std::map<views::Widget*, ui::AXNodeID>"
ui/views/accessibility/ax_aura_obj_cache.h,FALSE,std::map,0,155,"std::map<aura::Window*, ui::AXNodeID>"
ui/views/accessibility/ax_aura_obj_cache.h,FALSE,std::vector,1,161,"std::vector<raw_ptr<aura::Window, VectorExperimental>>"
ui/views/accessibility/tree/widget_view_ax_cache.h,FALSE,absl::flat_hash_map,1,66,"absl::flat_hash_map<ui::AXNodeID, raw_ptr<ViewAccessibility, VectorExperimental>>"
ui/views/accessibility/view_ax_platform_node_delegate.h,FALSE,std::vector,1,179,"std::vector<raw_ptr<Widget, VectorExperimental>>"
ui/views/accessibility/view_ax_platform_node_delegate_auralinux.cc,FALSE,std::vector,1,201,"std::vector<raw_ptr<Widget, VectorExperimental>>"
ui/views/actions/action_view_controller.h,FALSE,std::map,0,149,"std::map<View*, std::unique_ptr<ActionViewControllerBase>>"
ui/views/animation/animation_abort_handle.h,FALSE,std::set,1,54,"std::set<raw_ptr<ui::Layer, SetExperimental>>"
ui/views/animation/animation_abort_handle.h,FALSE,std::set,1,57,"std::set<raw_ptr<ui::Layer, SetExperimental>>"
ui/views/animation/animation_builder.h,FALSE,std::multimap,0,196,"std::multimap<ui::Layer*, std::unique_ptr<ui::LayerAnimationSequence>>"
ui/views/bubble/bubble_anchor.h,FALSE,std::variant,1,93,"std::variant<std::nullptr_t, raw_ptr<View>, raw_ptr<ui::TrackedElement>>"
ui/views/bubble/bubble_dialog_delegate_view.cc,FALSE,std::set,1,440,"std::set<raw_ptr<CloseOnDeactivatePin, SetExperimental>>"
ui/views/bubble/bubble_dialog_delegate_view.h,FALSE,std::optional,1,596,std::optional<raw_ptr<views::View>>
ui/views/bubble/bubble_dialog_delegate_view.h,FALSE,std::optional,1,597,std::optional<raw_ptr<views::BubbleDialogDelegate>>
ui/views/bubble/bubble_dialog_model_host.cc,FALSE,base::flat_set,1,244,"base::flat_set<raw_ptr<View, CtnExperimental>>"
ui/views/cocoa/native_widget_mac_ns_window_host.h,FALSE,std::vector,0,506,std::vector<NativeWidgetMacNSWindowHost*>
ui/views/cocoa/native_widget_mac_ns_window_host.h,FALSE,std::list,0,578,std::list<NativeWidgetMacEventMonitor*>
ui/views/cocoa/native_widget_mac_ns_window_host.h,FALSE,std::map,0,584,"std::map<std::string, void*>"
ui/views/cocoa/native_widget_mac_ns_window_host.h,FALSE,std::map,0,588,"std::map<const views::View*, NSView*>"
ui/views/controls/link_fragment_unittest.cc,TRUE,std::array,1,79,"std::array<raw_ptr<LinkFragment>, 3>"
ui/views/controls/menu/menu_controller.h,FALSE,std::list,1,728,"std::list<raw_ptr<internal::MenuControllerDelegate, CtnExperimental>>"
ui/views/controls/menu/menu_controller.h,FALSE,base::flat_set,1,844,"base::flat_set<raw_ptr<MenuItemView, CtnExperimental>>"
ui/views/controls/menu/menu_item_view.h,FALSE,std::vector,1,733,"std::vector<raw_ptr<View, VectorExperimental>>"
ui/views/controls/menu/menu_model_adapter.h,FALSE,std::map,1,119,"std::map<MenuItemView*, raw_ptr<ui::MenuModel, CtnExperimental>>"
ui/views/controls/menu/menu_runner_impl.h,FALSE,std::set,1,89,"std::set<raw_ptr<MenuItemView, SetExperimental>>"
ui/views/corewm/tooltip_controller.h,FALSE,std::map,0,210,"std::map<aura::Window*, base::TimeDelta>"
ui/views/corewm/tooltip_controller.h,FALSE,std::map,0,220,"std::map<aura::Window*, base::TimeDelta>"
ui/views/examples/designer_example.h,FALSE,std::vector,1,132,"std::vector<raw_ptr<GrabHandle, VectorExperimental>>"
ui/views/examples/designer_example.h,FALSE,std::vector,1,181,"std::vector<raw_ptr<DesignerPropertyEditor, VectorExperimental>>"
ui/views/examples/designer_example.h,FALSE,std::set,1,188,std::set<raw_ptr<View>>
ui/views/examples/radio_button_example.h,FALSE,std::vector,1,35,"std::vector<raw_ptr<RadioButton, VectorExperimental>>"
ui/views/input_protection/occluded_widget_input_protector.h,FALSE,std::map,0,126,"std::map<views::Widget*, gfx::Rect>"
ui/views/input_protection/occluded_widget_input_protector.h,FALSE,std::set,1,129,std::set<raw_ptr<views::Widget>>
ui/views/interaction/element_tracker_views.h,FALSE,std::map,0,205,"std::map<const Widget*, internal::ElementTrackerWidgetState>"
ui/views/layout/animating_layout_manager_unittest.cc,TRUE,std::vector,1,297,"std::vector<raw_ptr<TestView, VectorExperimental>>"
ui/views/layout/composite_layout_tests.cc,TRUE,std::set,1,303,"std::set<raw_ptr<const View, SetExperimental>>"
ui/views/layout/flex_layout_unittest.cc,TRUE,std::vector,1,3675,"std::vector<raw_ptr<View, VectorExperimental>>"
ui/views/layout/flex_layout_unittest.cc,TRUE,std::vector,1,3776,"std::vector<raw_ptr<FlexLayout, VectorExperimental>>"
ui/views/layout/layout_manager_base.h,FALSE,std::map,0,242,"std::map<const View*, ChildInfo>"
ui/views/layout/table_layout.cc,FALSE,std::vector,1,236,"std::vector<raw_ptr<Column, VectorExperimental>>"
ui/views/layout/table_layout.h,FALSE,std::vector,1,220,"std::vector<raw_ptr<ViewState, VectorExperimental>>"
ui/views/test/focus_manager_test.h,TRUE,std::vector,1,66,"std::vector<raw_ptr<View, VectorExperimental>>"
ui/views/view.h,FALSE,std::vector,1,2644,"std::vector<raw_ptr<ui::Layer, VectorExperimental>>"
ui/views/view.h,FALSE,std::vector,1,2645,"std::vector<raw_ptr<ui::Layer, VectorExperimental>>"
ui/views/views_test_suite.h,TRUE,raw_ptr,0,52,raw_ptr<char*>
ui/views/widget/desktop_aura/desktop_window_tree_host_platform.h,FALSE,std::set,1,271,"std::set<raw_ptr<DesktopWindowTreeHostPlatform, SetExperimental>>"
ui/views/widget/desktop_aura/desktop_window_tree_host_platform_unittest.cc,TRUE,std::vector,1,483,"std::vector<raw_ptr<View, VectorExperimental>>"
ui/views/widget/sublevel_manager.h,FALSE,std::vector,1,84,"std::vector<raw_ptr<Widget, VectorExperimental>>"
ui/views/widget/widget_activation_delegate_unittest.cc,TRUE,base::flat_map,0,91,"base::flat_map<Widget*, bool>"
ui/views/widget/widget_activation_delegate_unittest.cc,TRUE,base::flat_map,0,92,"base::flat_map<Widget*, bool>"
ui/views/widget/widget_activation_delegate_unittest.cc,TRUE,base::flat_map,0,93,"base::flat_map<Widget*, bool>"
ui/views/widget/widget_delegate_unittest.cc,TRUE,std::vector,1,160,"std::vector<raw_ptr<View, VectorExperimental>>"
ui/views/widget/widget_unittest.cc,TRUE,std::set,1,173,"std::set<raw_ptr<View, SetExperimental>>"
ui/views/window/dialog_client_view.h,FALSE,std::array,0,197,"std::array<View*, kNumButtons>"
ui/views/windows_stationarity_monitor_aura.h,FALSE,std::vector,1,53,"std::vector<raw_ptr<aura::Window, VectorExperimental>>"
ui/views/windows_stationarity_monitor_mac.h,FALSE,std::vector,0,40,std::vector<Widget*>
ui/webui/examples/browser/ui/aura/aura_context.cc,FALSE,base::flat_set,1,120,"base::flat_set<raw_ptr<aura::WindowTreeHost, CtnExperimental>>"
ui/wm/core/capture_controller.h,FALSE,std::map,1,78,"std::map<aura::Window*, raw_ptr<aura::client::CaptureDelegate, CtnExperimental>>"
ui/wm/core/default_activation_client.h,FALSE,std::vector,1,63,"std::vector<raw_ptr<aura::Window, VectorExperimental>>"
ui/wm/core/focus_controller.h,FALSE,std::optional,0,147,std::optional<aura::Window*>
ui/wm/core/ime_util_chromeos.h,FALSE,aura::WindowProperty,0,20,aura::WindowProperty<gfx::Rect*>
ui/wm/core/window_modality_controller.h,FALSE,std::vector,1,81,"std::vector<raw_ptr<aura::Window, VectorExperimental>>"
